Temperature,Sample Number,letter,SampleID,Genus,Species,E. value,Percent Identity ,Accession Number,ITS Sequence
RT,1,a,RT.1.a,Lachancea,quebecensis,0,99.35,NR_138247.1,AGGTCAACTTTATGAATACTGTTTGCCAGACTGTCTGTACTTTCAGTAAAAGCCCTTAAAACGCCTACTAACGCCACTACGAGTTGGTAAAACCTAATACGCAGAGTATCAGCGGACTGGACTAAAACCTCAGTCAGCAACAGCCAGATGGCCAGCATTTTCAAGTTAACCCAGAAAGAGTACCACTCACTACCAAACCCGAGGGTTTGAGAAGGAAATGACGCTCAAACAGGCATGCCCCCTGGAATACCAGAGGGCGCAATGTGCGTTCAAAGATTCGATGATTCACGAATATCTGCAATTCACAATACTTATCGCATTTCGCTGCGTTCTTCATCGATGCGAGAACCAAGAGATCCGTTGTTGAAAGTTTTAAATATTTTTTTTCTAAAATGAAAAATAATTGACAATGTTTAAAATACAATAGTTGTTTGTGTTTGTAACCCTTGGGCCGTAAAGCCCAAAGAAGAAGCGTTGTAAAATAAATTACTCCACAGTGTGTGTGTAGAGAGACAGTCGTTAACAGAAAGCATCATCGGCCGCGCAATCAAGCGCAGGCTCCTGAACTTTCCCGGCTGCTCTAACAAAATTCTTTAATGATCCTTCCGCAGGTTCCCCTACGGAAGG
RT,1,b,RT.1.b,Lachancea,kluyveri,0,99.66,NR_138159.1,TTGAGGTCAACTTTATGAATACTGTTCGCCAGGCTGTCTGTACTTTCGTGCTAGAGTCGTAATAACGCCCGACCGATGCCACAACGAGTTGGTAAAACCTAATACGTCGAGTATCAGCAGACTGGACTAGAGCCTCAGCCAGCAGCAGCCAGATGGCCAGCATTTTCAAGTTAACCCTGGAAAGAGTATCACTCACGACCAAACCCAAAGGTTTGAGAAGGAAATGACGCTCAAACAGGCATGCCCTTTGGAATACCAAAGGGCGCAATGTGCGTTCAAAGATTCGATGATTCACGAAAATCTGCAATTCACAATACGTATCGCATTTCGCTGCGTTCTTCATCGATGCGAGAACCAAGAGATCCGTTGTTGAAAGTTTTGAATATTTTATTTTCTTAAAATGAAAATTTCTTGACTAAAATAAACATAAAAAATTGTTTGTGTTTTGTATCCTCTGGGCTTGCGCCCAAAGAAAAAGTAGCAAAGTAGAAAAAACTCCACAGTGTGTGTGTAGAAAGAGACAACCGTTAACAGAAAGCACCGTCGGCCGCGCAATTAAGCGCAGGCTGGCTGGCACTCCCCCGGCTGCTCCAATCAAAAATCTTTAATGATCCTTCCGCAGGTTCCCCTACG
RT,1,c,RT.1.c,Lachancea,kluyveri,0,99,NR_138159.1,TGAGGTCAACTTTATGAATACTGTTCGCCAGGCTGTCTGTACTTTCGTGCCCCTAGTCGTAATAACGCCCGACCGATGCCACAACGAGTTGGTAAAACCTAATACGTCGAGTATCAGCAGACTGGACTAGAGCCTCAGCCAGCAGCAGCCAGATGGCCAGCATTTTCAAGTTAACCCTGGAAAGAGTATCACTCACGACCAAACCCAAAGGTTTGAGAAGGAAATGACGCTCAAACAGGCATGCCCTTTGGAATACCAAAGGGCGCAATGTGCGTTCAAAGATTCGATGATTCACGAAAATCTGCAATTCACAATACGTATCGCATTTCGCTGCGTTCTTCATCGATGCGAGAACCAAGAGATCCGTTGTTGAAAGTTTTGAATATTTTATTTTCTTAAAATGAAAATTTCTTGACTAAAATAAACATAAAAAATTGTTTGTGTTTTGTATCCTCTGGGCTTGCGCCCAAAGAAAAAGTAGCAAAGTAGAAAAAACTCCACAGTGTGTGTGTAGAAAGAGACAACCGTTAACAGAAAGCACCGTCGGCCGCGCAATTAAGCGCAGGCTGGCTGGCACTCCCCCGGCTGCTCCAATCAAAAATCTTTAATGATCCTTCCGCAGGTTCACCTACGGAAGG
RT,1,d,RT.1.d,Lachancea,kluyveri,0,99.66,NR_138159.1,TCAACTTTATGAATACTGTTCGCCAGGCTGTCTGTACTTTCGTGCTAGAGTCGTAATAACGCCCGACCGATGCCACAACGAGTTGGTAAAACCTAATACGTCGAGTATCAGCAGACTGGACTAGAGCCTCAGCCAGCAGCAGCCAGATGGCCAGCATTTTCAAGTTAACCCTGGAAAGAGTATCACTCACGACCAAACCCAAAGGTTTGAGAAGGAAATGACGCTCAAACAGGCATGCCCTTTGGAATACCAAAGGGCGCAATGTGCGTTCAAAGATTCGATGATTCACGAAAATCTGCAATTCACAATACGTATCGCATTTCGCTGCGTTCTTCATCGATGCGAGAACCAAGAGATCCGTTGTTGAAAGTTTTGAATATTTTATTTTCTTAAAATGAAAATTTCTTGACTAAAATAAACATAAAAAATTGTTTGTGTTTTGTATCCTCTGGGCTTGCGCCCAAAGAAAAAGTAGCAAAGTAGAAAAAACTCCACAGTGTGTGTGTAGAAAGAGACAACCGTTAACAGAAAGCACCGTCGGCCGCGCAATTAAGCGCAGGCTGGCTGGCACTCCCCCGGCTGCTCCAATCAAAAATCTTTAATGATCCTTCCGCAGGTTCACCTAC
RT,1,e,RT.1.e,Lachancea,kluyveri,0,99.66,NR_138159.1,TTGAGGTCAACTTTATGAATACTGTTCGCCAGGCTGTCTGTACTTTCGTGCTAGAGTCGTAATAACGCCCGACCGATGCCACAACGAGTTGGTAAAACCTAATACGTCGAGTATCAGCAGACTGGACTAGAGCCTCAGCCAGCAGCAGCCAGATGGCCAGCATTTTCAAGTTAACCCTGGAAAGAGTATCACTCACGACCAAACCCAAAGGTTTGAGAAGGAAATGACGCTCAAACAGGCATGCCCTTTGGAATACCAAAGGGCGCAATGTGCGTTCAAAGATTCGATGATTCACGAAAATCTGCAATTCACAATACGTATCGCATTTCGCTGCGTTCTTCATCGATGCGAGAACCAAGAGATCCGTTGTTGAAAGTTTTGAATATTTTATTTTCTTAAAATGAAAATTTCTTGACTAAAATAAACATAAAAAATTGTTTGTGTTTTGTATCCTCTGGGCTTGCGCCCAAAGAAAAAGTAGCAAAGTAGAAAAAACTCCACAGTGTGTGTGTAGAAAGAGACAACCGTTAACAGAAAGCACCGTCGGCCGCGCAATTAAGCGCAGGCTGGCTGGCACTCCCCCGGCTGCTCCAATCAAAAATCTTTAATGATCCTTCCGCAGGTTCACCCTACGG
RT,1,f,RT.1.f,Lachancea,kluyveri,0,99.5,NR_138159.1,AGGTCAACTTTATGAATACTGTTCGCCAGGCTGTCTGTACTTTCGTGCTTAGAGTCGTAATAACGCCCGACCGATGCCACAACGAGTTGGTAAAACCTAATACGTCGAGTATCAGCAGACTGGACTAGAGCCTCAGCCAGCAGCAGCCAGATGGCCAGCATTTTCAAGTTAACCCTGGAAAGAGTATCACTCACGACCAAACCCAAAGGTTTGAGAAGGAAATGACGCTCAAACAGGCATGCCCTTTGGAATACCAAAGGGCGCAATGTGCGTTCAAAGATTCGATGATTCACGAAAATCTGCAATTCACAATACGTATCGCATTTCGCTGCGTTCTTCATCGATGCGAGAACCAAGAGATCCGTTGTTGAAAGTTTTGAATATTTTATTTTCTTAAAATGAAAATTTCTTGACTAAAATAAACATAAAAAATTGTTTGTGTTTTGTATCCTCTGGGCTTGCGCCCAAAGAAAAAGTAGCAAAGTAGAAAAAACTCCACAGTGTGTGTGTAGAAAGAGACAACCGTTAACAGAAAGCACCGTCGGCCGCGCAATTAAGCGCAGGCTGGCTGGCACTCCCCCGGCTGCTCCAATCAAAAATCTTTAATGATCCTTCCGCAGGTTCACCTAC
RT,1,g,RT.1.g,Lachancea,kluyveri,0,99.66,NR_138159.1,GAGGTCAACTTTATGAATACTGTTCGCCAGGCTGTCTGTACTTTCGTGCTAGAGTCGTAATAACGCCCGACCGATGCCACAACGAGTTGGTAAAACCTAATACGTCGAGTATCAGCAGACTGGACTAGAGCCTCAGCCAGCAGCAGCCAGATGGCCAGCATTTTCAAGTTAACCCTGGAAAGAGTATCACTCACGACCAAACCCAAAGGTTTGAGAAGGAAATGACGCTCAAACAGGCATGCCCTTTGGAATACCAAAGGGCGCAATGTGCGTTCAAAGATTCGATGATTCACGAAAATCTGCAATTCACAATACGTATCGCATTTCGCTGCGTTCTTCATCGATGCGAGAACCAAGAGATCCGTTGTTGAAAGTTTTGAATATTTTATTTTCTTAAAATGAAAATTTCTTGACTAAAATAAACATAAAAAATTGTTTGTGTTTTGTATCCTCTGGGCTTGCGCCCAAAGAAAAAGTAGCAAAGTAGAAAAAACTCCACAGTGTGTGTGTAGAAAGAGACAACCGTTAACAGAAAGCACCGTCGGCCGCGCAATTAAGCGCAGGCTGGCTGGCACTCCCCCGGCTGCTCCAATCAAAAATCTTTAATGATCCTTCCGCAGGTT
RT,1,h,RT.1.h,Lachancea,kluyveri,0,99.66,NR_138159.1,GAGGTCAACTTTATGAATACTGTTCGCCAGGCTGTCTGTACTTTCGTGCTAGAGTCGTAATAACGCCCGACCGATGCCACAACGAGTTGGTAAAACCTAATACGTCGAGTATCAGCAGACTGGACTAGAGCCTCAGCCAGCAGCAGCCAGATGGCCAGCATTTTCAAGTTAACCCTGGAAAGAGTATCACTCACGACCAAACCCAAAGGTTTGAGAAGGAAATGACGCTCAAACAGGCATGCCCTTTGGAATACCAAAGGGCGCAATGTGCGTTCAAAGATTCGATGATTCACGAAAATCTGCAATTCACAATACGTATCGCATTTCGCTGCGTTCTTCATCGATGCGAGAACCAAGAGATCCGTTGTTGAAAGTTTTGAATATTTTATTTTCTTAAAATGAAAATTTCTTGACTAAAATAAACATAAAAAATTGTTTGTGTTTTGTATCCTCTGGGCTTGCGCCCAAAGAAAAAGTAGCAAAGTAGAAAAAACTCCACAGTGTGTGTGTAGAAAGAGACAACCGTTAACAGAAAGCACCGTCGGCCGCGCAATTAAGCGCAGGCTGGCTGGCACTCCCCCGGCTGCTCCAATCAAAAATCTTTAATGATCCTTCCGCAGGTTCACCTACGGAAG
RT,1,i,RT.1.i,Pichia,terricola,0,99.73,NR_153294.1,GAGGTCGAGCTTGATAGCTGGGGTCGGCGCACAACATAGTTCGCTTCGCCCTCGTTTCTTTTCGGCGGGGCCAAGGCCGGGCCAGCTCCACTTGCGTGAGATAGAAACGACGCTCAAACAGGCATGCCCCCCGGAATACCAGGGGGCGCAATGTGCGTTCAAGAACTCGATGATTCACGATGGCTGCAATTCACACTAGGTATCGCATTTCGCTGCGCTCTTCATCGATGCGAGAACCAAGAGATCCGTTGTTGAAAGTTTTATTCTTATGGATTCTTGACTGGGTTATTCATGTTTAGGGGTTTGTTACGCGCACGCAGTGTGGAAAGTATATCACAGTAATGATCCTTCCGCAGGTTCACCTACG
RT,1,j,RT.1.j,Lachancea,kluyveri,0,99.33,NR_138159.1,GGTCAACTTTATGAATACTGTTCGCCAGGCTGTCTGTACTTTCGTGCTATATTCGTAATAACGCCCGACCGATGCCACAACGAGTTGGTAAAACCTAATACGTCGAGTATCAGCAGACTGGACTAGAGCCTCAGCCAGCAGCAGCCAGATGGCCAGCATTTTCAAGTTAACCCTGGAAAGAGTATCACTCACGACCAAACCCAAAGGTTTGAGAAGGAAATGACGCTCAAACAGGCATGCCCTTTGGAATACCAAAGGGCGCAATGTGCGTTCAAAGATTCGATGATTCACGAAAATCTGCAATTCACAATACGTATCGCATTTCGCTGCGTTCTTCATCGATGCGAGAACCAAGAGATCCGTTGTTGAAAGTTTTGAATATTTTATTTTCTTAAAATGAAAATTTCTTGACTAAAATAAACATAAAAAATTGTTTGTGTTTTGTATCCTCTGGGCTTGCGCCCAAAGAAAAAGTAGCAAAGTAGAAAAAACTCCACAGTGTGTGTGTAGAAAGAGACAACCGTTAACAGAAAGCACCGTCGGCCGCGCAATTAAGCGCAGGCTGGCTGGCACTCCCCCGGCTGCTCCAATCAAAAATCTTTAATGATCCTTCCGCAGGTTCACCTACGGAAG
RT,2,a,RT.2.a,Lachancea,quebecensis,0,99.51,NR_138247.1,GAGGTCAACTTTATGAATACTGTTTGCCAGACTGTCTGTACTTTCAGTAAAAGCCTTTAAAACGCCTACTAACGCCACTACGAGTTGGTAAAACCTAATACGCAGAGTATCAGCGGACTGGACTAAAACCTCAGTCAGCAACAGCCAGATGGCCAGCATTTTCAAGTTAACCCAGAAAGAGTACCACTCACTACCAAACCCGAGGGTTTGAGAAGGAAATGACGCTCAAACAGGCATGCCCCCTGGAATACCAGAGGGCGCAATGTGCGTTCAAAGATTCGATGATTCACGAATATCTGCAATTCACAATACTTATCGCATTTCGCTGCGTTCTTCATCGATGCGAGAACCAAGAGATCCGTTGTTGAAAGTTTTAAATATTTTTTTTCTAAAATGAAAAATAATTGACAATGTTTAAAATACAATAGTTGTTTGTGTTTGTAACCCTTGGGCCGTAAAGCCCAAAGAAGAAGCGTTGTAAAATAAATTACTCCACAGTGTGTGTGTAGAGAGACAGTCGTTAACAGAAAGCATCATCGGCCGCGCAATCAAGCGCAGGCTCCTGAACTTTCCCGGCTGCTCTAACAAAATTCTTTAATGATCCTTCCGCAGGTTCCCCTACCG
RT,2,b,RT.2.b,Lachancea,kluyveri,0,99.66,NR_138159.1,AGGTCAACTTTATGAATACTGTTCGCCAGGCTGTCTGTACTTTCGTGCTAGAGTCGTAATAACGCCCGACCGATGCCACAACGAGTTGGTAAAACCTAATACGTCGAGTATCAGCAGACTGGACTAGAGCCTCAGCCAGCAGCAGCCAGATGGCCAGCATTTTCAAGTTAACCCTGGAAAGAGTATCACTCACGACCAAACCCAAAGGTTTGAGAAGGAAATGACGCTCAAACAGGCATGCCCTTTGGAATACCAAAGGGCGCAATGTGCGTTCAAAGATTCGATGATTCACGAAAATCTGCAATTCACAATACGTATCGCATTTCGCTGCGTTCTTCATCGATGCGAGAACCAAGAGATCCGTTGTTGAAAGTTTTGAATATTTTATTTTCTTAAAATGAAAATTTCTTGACTAAAATAAACATAAAAAATTGTTTGTGTTTTGTATCCTCTGGGCTTGCGCCCAAAGAAAAAGTAGCAAAGTAGAAAAAACTCCACAGTGTGTGTGTAGAAAGAGACAACCGTTAACAGAAAGCACCGTCGGCCGCGCAATTAAGCGCAGGCTGGCTGGCACTCCCCCGGCTGCTCCAATCAAAAATCTTTAATGATCCTTCCGCAGGTTCCCCTACG
RT,2,c,RT.2.c,Lachancea,quebecensis,0,99.35,NR_138247.1,GGTCAACTTTATGAATACTGGTTTGCCAGACTGTCTGTACTTTCAGTAAAAGCCTTTAAAACGCCTACTAACGCCACTACGAGTTGGTAAAACCTAATACGCAGAGTATCAGCGGACTGGACTAAAACCTCAGTCAGCAACAGCCAGATGGCCAGCATTTTCAAGTTAACCCAGAAAGAGTACCACTCACTACCAAACCCGAGGGTTTGAGAAGGAAATGACGCTCAAACAGGCATGCCCCCTGGAATACCAGAGGGCGCAATGTGCGTTCAAAGATTCGATGATTCACGAATATCTGCAATTCACAATACTTATCGCATTTCGCTGCGTTCTTCATCGATGCGAGAACCAAGAGATCCGTTGTTGAAAGTTTTAAATATTTTTTTTCTAAAATGAAAAATAATTGACAATGTTTAAAATACAATAGTTGTTTGTGTTTGTAACCCTTGGGCCGTAAAGCCCAAAGAAGAAGCGTTGTAAAATAAATTACTCCACAGTGTGTGTGTAGAGAGACAGTCGTTAACAGAAAGCATCATCGGCCGCGCAATCAAGCGCAGGCTCCTGAACTTTCCCGGCTGCTCTAACAAAATTCTTTAATGATCCTTCCGCAGGTTCCCT
RT,2,d,RT.2.d,Lachancea,quebecensis,0,99.51,NR_138247.1,GGTCAACTTTATGAATACTGTTTGCCAGACTGTCTGTACTTTCAGTAAAAGCCTTTAAAACGCCTACTAACGCCACTACGAGTTGGTAAAACCTAATACGCAGAGTATCAGCGGACTGGACTAAAACCTCAGTCAGCAACAGCCAGATGGCCAGCATTTTCAAGTTAACCCAGAAAGAGTACCACTCACTACCAAACCCGAGGGTTTGAGAAGGAAATGACGCTCAAACAGGCATGCCCCCTGGAATACCAGAGGGCGCAATGTGCGTTCAAAGATTCGATGATTCACGAATATCTGCAATTCACAATACTTATCGCATTTCGCTGCGTTCTTCATCGATGCGAGAACCAAGAGATCCGTTGTTGAAAGTTTTAAATATTTTTTTTCTAAAATGAAAAATAATTGACAATGTTTAAAATACAATAGTTGTTTGTGTTTGTAACCCTTGGGCCGTAAAGCCCAAAGAAGAAGCGTTGTAAAATAAATTACTCCACAGTGTGTGTGTAGAGAGACAGTCGTTAACAGAAAGCATCATCGGCCGCGCAATCAAGCGCAGGCTCCTGAACTTTCCCGGCTGCTCTAACAAAATTCTTTAATGATCCTTCCGCAGGTTCACCCTACG
RT,2,e,RT.2.e,Lachancea,kluyveri,0,99.66,NR_138159.1,GATTGAGGTCAACTTTATGAATACTGTTCGCCAGGCTGTCTGTACTTTCGTGCTAGAGTCGTAATAACGCCCGACCGATGCCACAACGAGTTGGTAAAACCTAATACGTCGAGTATCAGCAGACTGGACTAGAGCCTCAGCCAGCAGCAGCCAGATGGCCAGCATTTTCAAGTTAACCCTGGAAAGAGTATCACTCACGACCAAACCCAAAGGTTTGAGAAGGAAATGACGCTCAAACAGGCATGCCCTTTGGAATACCAAAGGGCGCAATGTGCGTTCAAAGATTCGATGATTCACGAAAATCTGCAATTCACAATACGTATCGCATTTCGCTGCGTTCTTCATCGATGCGAGAACCAAGAGATCCGTTGTTGAAAGTTTTGAATATTTTATTTTCTTAAAATGAAAATTTCTTGACTAAAATAAACATAAAAAATTGTTTGTGTTTTGTATCCTCTGGGCTTGCGCCCAAAGAAAAAGTAGCAAAGTAGAAAAAACTCCACAGTGTGTGTGTAGAAAGAGACAACCGTTAACAGAAAGCACCGTCGGCCGCGCAATTAAGCGCAGGCTGGCTGGCACTCCCCCGGCTGCTCCAATCAAAAATCTTTAATGATCCTTCC
RT,2,f,RT.2.f,Lachancea,kluyveri,0,99.66,NR_138159.1,GAGGTCAACTTTATGAATACTGTTCGCCAGGCTGTCTGTACTTTCGTGCTAGAGTCGTAATAACGCCCGACCGATGCCACAACGAGTTGGTAAAACCTAATACGTCGAGTATCAGCAGACTGGACTAGAGCCTCAGCCAGCAGCAGCCAGATGGCCAGCATTTTCAAGTTAACCCTGGAAAGAGTATCACTCACGACCAAACCCAAAGGTTTGAGAAGGAAATGACGCTCAAACAGGCATGCCCTTTGGAATACCAAAGGGCGCAATGTGCGTTCAAAGATTCGATGATTCACGAAAATCTGCAATTCACAATACGTATCGCATTTCGCTGCGTTCTTCATCGATGCGAGAACCAAGAGATCCGTTGTTGAAAGTTTTGAATATTTTATTTTCTTAAAATGAAAATTTCTTGACTAAAATAAACATAAAAAATTGTTTGTGTTTTGTATCCTCTGGGCTTGCGCCCAAAGAAAAAGTAGCAAAGTAGAAAAAACTCCACAGTGTGTGTGTAGAAAGAGACAACCGTTAACAGAAAGCACCGTCGGCCGCGCAATTAAGCGCAGGCTGGCTGGCACTCCCCCGGCTGCTCCAATCAAAAATCTTTAATGATCCTTCCGCAG
RT,2,g,RT.2.g,Lachancea,kluyveri,0,99.66,NR_138159.1,TTTGAGGTCAACTTTATGAATACTGTTCGCCAGGCTGTCTGTACTTTCGTGCTAGAGTCGTAATAACGCCCGACCGATGCCACAACGAGTTGGTAAAACCTAATACGTCGAGTATCAGCAGACTGGACTAGAGCCTCAGCCAGCAGCAGCCAGATGGCCAGCATTTTCAAGTTAACCCTGGAAAGAGTATCACTCACGACCAAACCCAAAGGTTTGAGAAGGAAATGACGCTCAAACAGGCATGCCCTTTGGAATACCAAAGGGCGCAATGTGCGTTCAAAGATTCGATGATTCACGAAAATCTGCAATTCACAATACGTATCGCATTTCGCTGCGTTCTTCATCGATGCGAGAACCAAGAGATCCGTTGTTGAAAGTTTTGAATATTTTATTTTCTTAAAATGAAAATTTCTTGACTAAAATAAACATAAAAAATTGTTTGTGTTTTGTATCCTCTGGGCTTGCGCCCAAAGAAAAAGTAGCAAAGTAGAAAAAACTCCACAGTGTGTGTGTAGAAAGAGACAACCGTTAACAGAAAGCACCGTCGGCCGCGCAATTAAGCGCAGGCTGGCTGGCACTCCCCCGGCTGCTCCAATCAAAAATCTTTAATGATCCTTCCGCAGGTTCCCC
RT,2,h,RT.2.h,Lachancea,kluyveri,0,99.66,NR_138159.1,GTCAACTTTATGAATACTGTTCGCCAGGCTGTCTGTACTTTCGTGCTAGAGTCGTAATAACGCCCGACCGATGCCACAACGAGTTGGTAAAACCTAATACGTCGAGTATCAGCAGACTGGACTAGAGCCTCAGCCAGCAGCAGCCAGATGGCCAGCATTTTCAAGTTAACCCTGGAAAGAGTATCACTCACGACCAAACCCAAAGGTTTGAGAAGGAAATGACGCTCAAACAGGCATGCCCTTTGGAATACCAAAGGGCGCAATGTGCGTTCAAAGATTCGATGATTCACGAAAATCTGCAATTCACAATACGTATCGCATTTCGCTGCGTTCTTCATCGATGCGAGAACCAAGAGATCCGTTGTTGAAAGTTTTGAATATTTTATTTTCTTAAAATGAAAATTTCTTGACTAAAATAAACATAAAAAATTGTTTGTGTTTTGTATCCTCTGGGCTTGCGCCCAAAGAAAAAGTAGCAAAGTAGAAAAAACTCCACAGTGTGTGTGTAGAAAGAGACAACCGTTAACAGAAAGCACCGTCGGCCGCGCAATTAAGCGCAGGCTGGCTGGCACTCCCCCGGCTGCTCCAATCAAAAATCTTTAATGATCCTTCCGCAGGTTCCCCTACGGAAG
RT,2,i,RT.2.i,Lachancea,kluyveri,0,99.66,NR_138159.1,GAGGTCAACTTTATGAATACTGTTCGCCAGGCTGTCTGTACTTTCGTGCTAGAGTCGTAATAACGCCCGACCGATGCCACAACGAGTTGGTAAAACCTAATACGTCGAGTATCAGCAGACTGGACTAGAGCCTCAGCCAGCAGCAGCCAGATGGCCAGCATTTTCAAGTTAACCCTGGAAAGAGTATCACTCACGACCAAACCCAAAGGTTTGAGAAGGAAATGACGCTCAAACAGGCATGCCCTTTGGAATACCAAAGGGCGCAATGTGCGTTCAAAGATTCGATGATTCACGAAAATCTGCAATTCACAATACGTATCGCATTTCGCTGCGTTCTTCATCGATGCGAGAACCAAGAGATCCGTTGTTGAAAGTTTTGAATATTTTATTTTCTTAAAATGAAAATTTCTTGACTAAAATAAACATAAAAAATTGTTTGTGTTTTGTATCCTCTGGGCTTGCGCCCAAAGAAAAAGTAGCAAAGTAGAAAAAACTCCACAGTGTGTGTGTAGAAAGAGACAACCGTTAACAGAAAGCACCGTCGGCCGCGCAATTAAGCGCAGGCTGGCTGGCACTCCCCCGGCTGCTCCAATCAAAAATCTTTAATGATCCTTCCGCAGGTTC
RT,2,j,RT.2.j,Lachancea,quebecensis,0,99.51,NR_138247.1,GAGGTCAACTTTATGAATACTGTTTGCCAGACTGTCTGTACTTTCAGTAAAAGCCTTTAAAACGCCTACTAACGCCACTACGAGTTGGTAAAACCTAATACGCAGAGTATCAGCGGACTGGACTAAAACCTCAGTCAGCAACAGCCAGATGGCCAGCATTTTCAAGTTAACCCAGAAAGAGTACCACTCACTACCAAACCCGAGGGTTTGAGAAGGAAATGACGCTCAAACAGGCATGCCCCCTGGAATACCAGAGGGCGCAATGTGCGTTCAAAGATTCGATGATTCACGAATATCTGCAATTCACAATACTTATCGCATTTCGCTGCGTTCTTCATCGATGCGAGAACCAAGAGATCCGTTGTTGAAAGTTTTAAATATTTTTTTTCTAAAATGAAAAATAATTGACAATGTTTAAAATACAATAGTTGTTTGTGTTTGTAACCCTTGGGCCGTAAAGCCCAAAGAAGAAGCGTTGTAAAATAAATTACTCCACAGTGTGTGTGTAGAGAGACAGTCGTTAACAGAAAGCATCATCGGCCGCGCAATCAAGCGCAGGCTCCTGAACTTTCCCGGCTGCTCTAACAAAATTCTTTAATGATCCTTCCGCAGGTTCCCCTACGGA
RT,3,a,RT.3.a,Pichia,terricola,0,98.13,NR_153294.1,TTGAGGTCGAGCCTTGATAACTGGGGTCGGCGCACAACATAGGTTCGCTTCGCCCTCGAAATCTTTTCGGCGGGGCCAAGGCCGGGCCAGCTCCACTTGCGTGAGATAGAAACGACGCTCAAACAGGCATGCCCCCCGGAATACCAGGGGGCGCAATGTGCGTTCAAGAACTCGATGATTCACGATGGCTGCAATTCACACTAGGTATCGCATTTCGCTGCGCTCTTCATCGATGCGAGAACCAAGAGATCCGTTGTTGAAAGTTTTATTCTTATGGATTCTTGACTGGGTTATTCATGTTTAGGGGTTTGTTACGCGCACGCAGTGTGGAAAGTATATCACAGTAATGATCCTTCCGCAGGTTCACCTACGGA
RT,3,b,RT.3.b,Pichia,terricola,0,98.88,NR_153294.1,GATAGCTGGGGTCGGCGCACAACATAGGTTCGCTTCGCCCTCGAATCTTTTCGGCGGGGCCAAGGCCGGGCCAGCTCCACTTGCGTGAGATAGAAACGACGCTCAAACAGGCATGCCCCCCGGAATACCAGGGGGCGCAATGTGCGTTCAAGAACTCGATGATTCACGATGGCTGCAATTCACACTAGGTATCGCATTTCGCTGCGCTCTTCATCGATGCGAGAACCAAGAGATCCGTTGTTGAAAGTTTTATTCTTATGGATTCTTGACTGGGTTATTCATGTTTAGGGGTTTGTTACGCGCACGCAGTGTGGAAAGTATATCACAGTAATGATCCTTCCGCAGGTTCACCTACGG
RT,3,c,RT.3.c,Pichia,terricola,0,100,NR_153294.1,GGATTTGAGGTCGAGCTTGATAGCTGGGGTCGGCGCACAACATAGTTCGCTTCGCCCTCGTTTCTTTTCGGCGGGGCCAAGGCCGGGCCAGCTCCACTTGCGTGAGATAGAAACGACGCTCAAACAGGCATGCCCCCCGGAATACCAGGGGGCGCAATGTGCGTTCAAGAACTCGATGATTCACGATGGCTGCAATTCACACTAGGTATCGCATTTCGCTGCGCTCTTCATCGATGCGAGAACCAAGAGATCCGTTGTTGAAAGTTTTATTCTTATGGATTCTTGACTAGGTTATTCATGTTTAGGGGTTTGTTACGCGCACGCAGTGTGGAAAGTATATCACAGTAATGATCCTTCCGCAGGTTCACCTACGGAAGGATCGTTACTGTGATATACTTTCCACACTG
RT,3,d,RT.3.d,Lachancea,kluyveri,0,99.66,NR_138159.1,GAGGTCAACTTTATGAATACTGTTCGCCAGGCTGTCTGTACTTTCGTGCTAGAGTCGTAATAACGCCCGACCGATGCCACAACGAGTTGGTAAAACCTAATACGTCGAGTATCAGCAGACTGGACTAGAGCCTCAGCCAGCAGCAGCCAGATGGCCAGCATTTTCAAGTTAACCCTGGAAAGAGTATCACTCACGACCAAACCCAAAGGTTTGAGAAGGAAATGACGCTCAAACAGGCATGCCCTTTGGAATACCAAAGGGCGCAATGTGCGTTCAAAGATTCGATGATTCACGAAAATCTGCAATTCACAATACGTATCGCATTTCGCTGCGTTCTTCATCGATGCGAGAACCAAGAGATCCGTTGTTGAAAGTTTTGAATATTTTATTTTCTTAAAATGAAAATTTCTTGACTAAAATAAACATAAAAAATTGTTTGTGTTTTGTATCCTCTGGGCTTGCGCCCAAAGAAAAAGTAGCAAAGTAGAAAAAACTCCACAGTGTGTGTGTAGAAAGAGACAACCGTTAACAGAAAGCACCGTCGGCCGCGCAATTAAGCGCAGGCTGGCTGGCACTCCCCCGGCTGCTCCAATCAAAAATCTTTAATGATCCTTCCGCAGGTTCCCCTACGGAAGG
RT,3,e,RT.3.e,Pichia,terricola,0,99.46,NR_153294.1,TGAGGTCGAGCTTGATAGCTGGGGTCGGCGCACAACATAGTTCGCTTCGCCCTCTTTTCTTTTCGGCGGGGCCAAGGCCGGGCCAGCTCCACTTGCGTGAGATAGAAACGACGCTCAAACAGGCATGCCCCCCGGAATACCAGGGGGCGCAATGTGCGTTCAAGAACTCGATGATTCACGATGGCTGCAATTCACACTAGGTATCGCATTTCGCTGCGCTCTTCATCGATGCGAGAACCAAGAGATCCGTTGTTGAAAGTTTTATTCTTATGGATTCTTGACTCGGTTATTCATGTTTAGGGGTTTGTTACGCGCACGCAGTGTGGAAAGTATATCACAGTAATGATCCTTCCGCAGGTTCACCTACGGAAGGAT
RT,3,f,RT.3.f,Pichia,terricola,0,100,NR_153294.1,GATTGAGGTCGAGCTTGATAGCTGGGGTCGGCGCACAACATAGTTCGCTTCGCCCTCGTTTCTTTTCGGCGGGGCCAAGGCCGGGCCAGCTCCACTTGCGTGAGATAGAAACGACGCTCAAACAGGCATGCCCCCCGGAATACCAGGGGGCGCAATGTGCGTTCAAGAACTCGATGATTCACGATGGCTGCAATTCACACTAGGTATCGCATTTCGCTGCGCTCTTCATCGATGCGAGAACCAAGAGATCCGTTGTTGAAAGTTTTATTCTTATGGATTCTTGACTAGGTTATTCATGTTTAGGGGTTTGTTACGCGCACGCAGTGTGGAAAGTATATCACAGTAATGATCCTTCCGCAGGTTCACCTACGGAAGGATCGTTA
RT,3,g,RT.3.g,Pichia,terricola,0,99.21,NR_153294.1,CCACTGATTTGAGGTCGAGCTTGATAGCTGGGGTCGGCGCACAACATAGGTTCGCTTCGCCCTCGTAATCTTTTCGGCGGGGCCAAGGCCGGGCCAGCTCCACTTGCGTGAGATAGAAACGACGCTCAAACAGGCATGCCCCCCGGAATACCAGGGGGCGCAATGTGCGTTCAAGAACTCGATGATTCACGATGGCTGCAATTCACACTAGGTATCGCATTTCGCTGCGCTCTTCATCGATGCGAGAACCAAGAGATCCGTTGTTGAAAGTTTTATTCTTATGGATTCTTGACTAGGTTATTCATGTTTAGGGGTTTGTTACGCGCACGCAGTGTGGAAAGTATATCACAGTAATGATCCTTCCGCAGGTTCACCTACGGAAGGAGCG
RT,3,h,RT.3.h,Pichia,terricola,0,98.92,NR_153294.1,GAGGTCGAGCTTGATAACTGGGGTCGGCGCACAACATAGTTCGCTTCGCCCTCGAATTCTTTTCGGCGGGGCCAAGGCCGGGCCAGCTCCACTTGCGTGAGATAGAAACGACGCTCAAACAGGCATGCCCCCCGGAATACCAGGGGGCGCAATGTGCGTTCAAGAACTCGATGATTCACGATGGCTGCAATTCACACTAGGTATCGCATTTCGCTGCGCTCTTCATCGATGCGAGAACCAAGAGATCCGTTGTTGAAAGTTTTATTCTTATGGATTCTTGACTGGGTTATTCATGTTTAGGGGTTTGTTACGCGCACGCAGTGTGGAAAGTATATCACAGTAATGATCCTTCCGCAGGTTCACCTACGGAA
RT,3,i,RT.3.i,Pichia,terricola,0,99.46,NR_153294.1,GTCGAGCTTGATAGCTGGGGTCGGCGCACAACATAGTTCGCTTCGCCCTCTTTTCTTTTCGGCGGGGCCAAGGCCGGGCCAGCTCCACTTGCGTGAGATAGAAACGACGCTCAAACAGGCATGCCCCCCGGAATACCAGGGGGCGCAATGTGCGTTCAAGAACTCGATGATTCACGATGGCTGCAATTCACACTAGGTATCGCATTTCGCTGCGCTCTTCATCGATGCGAGAACCAAGAGATCCGTTGTTGAAAGTTTTATTCTTATGGATTCTTGACTGGGTTATTCATGTTTAGGGGTTTGTTACGCGCACGCAGTGTGGAAAGTATATCACAGTAATGATCCTTCCGCAGGTTCACCTACGGAAGGATCATTACTGTGATATACTTTCCACACTGCGTGCGCGTAACAAACCCGTAA
RT,3,j,RT.3.j,Pichia,terricola,0,99.46,NR_153294.1,GAGGTCGAGCTTGATAACTGGGGTCGGCGCACAACATAGTTCGCTTCGCCCTCGTTTCTTTTCGGCGGGGCCAAGGCCGGGCCAGCTCCACTTGCGTGAGATAGAAACGACGCTCAAACAGGCATGCCCCCCGGAATACCAGGGGGCGCAATGTGCGTTCAAGAACTCGATGATTCACGATGGCTGCAATTCACACTAGGTATCGCATTTCGCTGCGCTCTTCATCGATGCGAGAACCAAGAGATCCGTTGTTGAAAGTTTTATTCTTATGGATTCTTGACTGGGTTATTCATGTTTAGGGGTTTGTTACGCGCACGCAGTGTGGAAAGTATATCACAGTAATGATCCTTCCGCAGGTTCACCTACGGAAGGATCATTACTGTGATATACTTTCCACACTGCGTGCGCG
RT,4,a,RT.4.a,Lachancea,kluyveri,0,99.5,NR_138159.1,GGTCAACTTTATGAATACTGGTTCGCCAGGCTGTCTGTACTTTCGTGCTAGAGTCGTAATAACGCCCGACCGATGCCACAACGAGTTGGTAAAACCTAATACGTCGAGTATCAGCAGACTGGACTAGAGCCTCAGCCAGCAGCAGCCAGATGGCCAGCATTTTCAAGTTAACCCTGGAAAGAGTATCACTCACGACCAAACCCAAAGGTTTGAGAAGGAAATGACGCTCAAACAGGCATGCCCTTTGGAATACCAAAGGGCGCAATGTGCGTTCAAAGATTCGATGATTCACGAAAATCTGCAATTCACAATACGTATCGCATTTCGCTGCGTTCTTCATCGATGCGAGAACCAAGAGATCCGTTGTTGAAAGTTTTGAATATTTTATTTTCTTAAAATGAAAATTTCTTGACTAAAATAAACATAAAAAATTGTTTGTGTTTTGTATCCTCTGGGCTTGCGCCCAAAGAAAAAGTAGCAAAGTAGAAAAAACTCCACAGTGTGTGTGTAGAAAGAGACAACCGTTAACAGAAAGCACCGTCGGCCGCGCAATTAAGCGCAGGCTGGCTGGCACTCCCCCGGCTGCTCCAATCAAAAATCTTTAATGATCCTTCCGCAGGTTCCCCTACCGGGAAG
RT,4,b,RT.4.b,Lachancea,kluyveri,0,99.5,NR_138159.1,CAACTTTATGAATACTGGTTCGCCAGGCTGTCTGTACTTTCGTGCTAGAGTCGTAATAACGCCCGACCGATGCCACAACGAGTTGGTAAAACCTAATACGTCGAGTATCAGCAGACTGGACTAGAGCCTCAGCCAGCAGCAGCCAGATGGCCAGCATTTTCAAGTTAACCCTGGAAAGAGTATCACTCACGACCAAACCCAAAGGTTTGAGAAGGAAATGACGCTCAAACAGGCATGCCCTTTGGAATACCAAAGGGCGCAATGTGCGTTCAAAGATTCGATGATTCACGAAAATCTGCAATTCACAATACGTATCGCATTTCGCTGCGTTCTTCATCGATGCGAGAACCAAGAGATCCGTTGTTGAAAGTTTTGAATATTTTATTTTCTTAAAATGAAAATTTCTTGACTAAAATAAACATAAAAAATTGTTTGTGTTTTGTATCCTCTGGGCTTGCGCCCAAAGAAAAAGTAGCAAAGTAGAAAAAACTCCACAGTGTGTGTGTAGAAAGAGACAACCGTTAACAGAAAGCACCGTCGGCCGCGCAATTAAGCGCAGGCTGGCTGGCACTCCCCCGGCTGCTCCAATCAAAAATCTTTAATGATCCTTCCGCAGGTTCCCCTACGGAAG
RT,4,c,RT.4.c,Lachancea,kluyveri,0,98.67,NR_138159.1,AGGTCAACTTTATGAATACTGGTTCGCCAGGCTGTCTGTACTTTCGTGCCATAGTTCGTAATAACGCCCGACCGATGCCACAACGAGTTGGTAAAACCTAATACGTCGAGTATCAGCAGACTGGACTAGAGCCTCAGCCAGCAGCAGCCAGATGGCCAGCATTTTCAAGTTAACCCTGGAAAGAGTATCACTCACGACCAAACCCAAAGGTTTGAGAAGGAAATGACGCTCAAACAGGCATGCCCTTTGGAATACCAAAGGGCGCAATGTGCGTTCAAAGATTCGATGATTCACGAAAATCTGCAATTCACAATACGTATCGCATTTCGCTGCGTTCTTCATCGATGCGAGAACCAAGAGATCCGTTGTTGAAAGTTTTGAATATTTTATTTTCTTAAAATGAAAATTTCTTGACTAAAATAAACATAAAAAATTGTTTGTGTTTTGTATCCTCTGGGCTTGCGCCCAAAGAAAAAGTAGCAAAGTAGGAAAAAACTCCACAGTGTGTGTGTAGAAAGAGACAACCGTTAACAGAAAGCACCGTCGGCCGCGCAATTAAGCGCAGGCTGGCTGGCACTCCCCCGGCTGCTCCAATCAAAAAATCTTTAATGA
RT,4,d,RT.4.d,Lachancea,kluyveri,0,98.83,NR_138159.1,AGGTCAACTTTATGAATACTGTTCGCCAGGCTGTCTGTACTTTCGTGTACAGAACGGAATAACGCCCGACCGATGCCACAACGAGTTGGTAAAACCTAATACGTCGAGTATCAGCAGACTGGACTAGAGCCTCAGCCAGCAGCAGCCAGATGGCCAGCATTTTCAAGTTAACCCTGGAAAGAGTATCACTCACGACCAAACCCAAAGGTTTGAGAAGGAAATGACGCTCAAACAGGCATGCCCTTTGGAATACCAAAGGGCGCAATGTGCGTTCAAAGATTCGATGATTCACGAAAATCTGCAATTCACAATACGTATCGCATTTCGCTGCGTTCTTCATCGATGCGAGAACCAAGAGATCCGTTGTTGAAAGTTTTGAATATTTTATTTTCTTAAAATGAAAATTTCTTGACTAAAATAAACATAAAAAATTGTTTGTGTTTTGTATCCTCTGGGCTTGCGCCCAAAGAAAAAGTAGCAAAGTAGAAAAAACTCCACAGTGTGTGTGTAGAAAGAGACAACCGTTAACAGAAAGCACCGTCGGCCGCGCAATTAAGCGCAGGCTGGCTGGCACTCCCCCGGCTGCTCCAATCAAAAATCTTTAATGATCCTGTC
RT,4,e,RT.4.e,Lachancea,kluyveri,0,99.66,NR_138159.1,GAGGTCAACTTTATGAATACTGTTCGCCAGGCTGTCTGTACTTTCGTGCTAGAGTCGTAATAACGCCCGACCGATGCCACAACGAGTTGGTAAAACCTAATACGTCGAGTATCAGCAGACTGGACTAGAGCCTCAGCCAGCAGCAGCCAGATGGCCAGCATTTTCAAGTTAACCCTGGAAAGAGTATCACTCACGACCAAACCCAAAGGTTTGAGAAGGAAATGACGCTCAAACAGGCATGCCCTTTGGAATACCAAAGGGCGCAATGTGCGTTCAAAGATTCGATGATTCACGAAAATCTGCAATTCACAATACGTATCGCATTTCGCTGCGTTCTTCATCGATGCGAGAACCAAGAGATCCGTTGTTGAAAGTTTTGAATATTTTATTTTCTTAAAATGAAAATTTCTTGACTAAAATAAACATAAAAAATTGTTTGTGTTTTGTATCCTCTGGGCTTGCGCCCAAAGAAAAAGTAGCAAAGTAGAAAAAACTCCACAGTGTGTGTGTAGAAAGAGACAACCGTTAACAGAAAGCACCGTCGGCCGCGCAATTAAGCGCAGGCTGGCTGGCACTCCCCCGGCTGCTCCAATCAAAAATCTTTAATGATCCTTCCGCAGGTTCACCTACGG
RT,4,f,RT.4.f,Lachancea,kluyveri,0,98.9,NR_138159.1,CGATTGAGGCAACTTTATGAATACTGTTCGCCAGGCTGTCTGTACTTTCGTGCCATAGTCGTAATAACGCCCGACCGATGCCACAACGAGTTGGTAAAACCTAATACGTCGAGTATCAGCAGACTGGACTAGAGCCTCAGCCAGCAGCAGCCAGATGGCCAGCATTTTCAAGTTAACCCTGGAAAGAGTATCACTCACGACCAAACCCAAAGGTTTGAGAAGGAAATGACGCTCAAACAGGCATGCCCTTTGGAATACCAAAGGGCGCAATGTGCGTTCAAAGATTCGATGATTCACGAAAATCTGCAATTCACAATACGTATCGCATTTCGCTGCGTTCTTCATCGATGCGAGAACCAAGAGATCCGTTGTTGAAAGTTTTGAATATTTTATTTTCTTAAAATGAAAATTTCTTGACTAAAATAAACATAAAAAATTGTTTGGGTTTTGTATCCTCTGGGCTTGCG
RT,4,g,RT.4.g,Lachancea,kluyveri,0,98.67,NR_138159.1,AGGTCAACTTTATGAATACTGTTCGCCAGGCTGGTCTGTACCTTTCGCTGCCCAGTAGTCGTAATAACGCCCGACCGATGCCACAACGAGTTGGTAAAACCTAATACGTCGAGTATCAGCAGACTGGACTAGAGCCTCAGCCAGCAGCAGCCAGATGGCCAGCATTTTCAAGTTAACCCTGGAAAGAGTATCACTCACGACCAAACCCAAAGGTTTGAGAAGGAAATGACGCTCAAACAGGCATGCCCTTTGGAATACCAAAGGGCGCAATGTGCGTTCAAAGATTCGATGATTCACGAAAATCTGCAATTCACAATACGTATCGCATTTCGCTGCGTTCTTCATCGATGCGAGAACCAAGAGATCCGTTGTTGAAAGTTTTGAATATTTTATTTTCTTAAAATGAAAATTTCTTGACTAAAATAAACATAAAAAATTGTTTGTGTTTTGTATCCTCTGGGCTTGCGCCCAAAGAAAAAGTAGCAAAGTAGAAAAAACTCCACAGTGTGTGTGTAGAAAGAGACAACCGTTAACAGAAAGCACCGTCGGCCGCGCAATTAAGCGCAGGCTGGCTGGCACTCCCCCGGCTGCTCCAATCAAAAATCTTTAATGATCCCTCCCGCAGGTTCA
RT,4,h,RT.4.h,Lachancea,kluyveri,0,99.66,NR_138159.1,TGAGGTCAACTTTATGAATACTGTTCGCCAGGCTGTCTGTACTTTCGTGCTAGAGTCGTAATAACGCCCGACCGATGCCACAACGAGTTGGTAAAACCTAATACGTCGAGTATCAGCAGACTGGACTAGAGCCTCAGCCAGCAGCAGCCAGATGGCCAGCATTTTCAAGTTAACCCTGGAAAGAGTATCACTCACGACCAAACCCAAAGGTTTGAGAAGGAAATGACGCTCAAACAGGCATGCCCTTTGGAATACCAAAGGGCGCAATGTGCGTTCAAAGATTCGATGATTCACGAAAATCTGCAATTCACAATACGTATCGCATTTCGCTGCGTTCTTCATCGATGCGAGAACCAAGAGATCCGTTGTTGAAAGTTTTGAATATTTTATTTTCTTAAAATGAAAATTTCTTGACTAAAATAAACATAAAAAATTGTTTGTGTTTTGTATCCTCTGGGCTTGCGCCCAAAGAAAAAGTAGCAAAGTAGAAAAAACTCCACAGTGTGTGTGTAGAAAGAGACAACCGTTAACAGAAAGCACCGTCGGCCGCGCAATTAAGCGCAGGCTGGCTGGCACTCCCCCGGCTGCTCCAATCAA
RT,4,i,RT.4.i,Lachancea,kluyveri,0,99.33,NR_138159.1,ATTGAGGTCAACTTTATGAATACTGGTTCGCCAGGCTGTCTGTACTTTCGTGCTAGAGTTCGTAATAACGCCCGACCGATGCCACAACGAGTTGGTAAAACCTAATACGTCGAGTATCAGCAGACTGGACTAGAGCCTCAGCCAGCAGCAGCCAGATGGCCAGCATTTTCAAGTTAACCCTGGAAAGAGTATCACTCACGACCAAACCCAAAGGTTTGAGAAGGAAATGACGCTCAAACAGGCATGCCCTTTGGAATACCAAAGGGCGCAATGTGCGTTCAAAGATTCGATGATTCACGAAAATCTGCAATTCACAATACGTATCGCATTTCGCTGCGTTCTTCATCGATGCGAGAACCAAGAGATCCGTTGTTGAAAGTTTTGAATATTTTATTTTCTTAAAATGAAAATTTCTTGACTAAAATAAACATAAAAAATTGTTTGTGTTTTGTATCCTCTGGGCTTGCGCCCAAAGAAAAAGTAGCAAAGTAGAAAAAACTCCACAGTGTGTGTGTAGAAAGAGACAACCGTTAACAGAAAGCACCGTCGGCCGCGCAATTAAGCGCAGGCTGGCTGGCACTCCCCCGGCTGCTCCAATCAAAAATCTTTAATGATCCTTCCGCAGGTTCACCTACGGAAGGA
RT,4,j,RT.4.j,Lachancea,kluyveri,0,99.66,NR_138159.1,TCAACTTTATGAATACTGTTCGCCAGGCTGTCTGTACTTTCGTGCTAGAGTCGTAATAACGCCCGACCGATGCCACAACGAGTTGGTAAAACCTAATACGTCGAGTATCAGCAGACTGGACTAGAGCCTCAGCCAGCAGCAGCCAGATGGCCAGCATTTTCAAGTTAACCCTGGAAAGAGTATCACTCACGACCAAACCCAAAGGTTTGAGAAGGAAATGACGCTCAAACAGGCATGCCCTTTGGAATACCAAAGGGCGCAATGTGCGTTCAAAGATTCGATGATTCACGAAAATCTGCAATTCACAATACGTATCGCATTTCGCTGCGTTCTTCATCGATGCGAGAACCAAGAGATCCGTTGTTGAAAGTTTTGAATATTTTATTTTCTTAAAATGAAAATTTCTTGACTAAAATAAACATAAAAAATTGTTTGTGTTTTGTATCCTCTGGGCTTGCGCCCAAAGAAAAAGTAGCAAAGTAGAAAAAACTCCACAGTGTGTGTGTAGAAAGAGACAACCGTTAACAGAAAGCACCGTCGGCCGCGCAATTAAGCGCAGGCTGGCTGGCACTCCCCCGGCTGCTCCAATCAAAAATCTTTAATGATCCTTCCGCAGGCTCACCTACGGAAGG
RT,5,a,RT.5.a,Lachancea,quebecensis,0,99.17,NR_138247.1,ATGAATACTGTTTGCCAGACTGTCTGTACTTTCAGTACCAGTCTTTAAAACGCCTACTAACGCCACTACGAGTTGGTAAAACCTAATACGCAGAGTATCAGCGGACTGGACTAAAACCTCAGTCAGCAACAGCCAGATGGCCAGCATTTTCAAGTTAACCCAGAAAGAGTACCACTCACTACCAAACCCGAGGGTTTGAGAAGGAAATGACGCTCAAACAGGCATGCCCCCTGGAATACCAGAGGGCGCAATGTGCGTTCAAAGATTCGATGATTCACGAATATCTGCAATTCACAATACTTATCGCATTTCGCTGCGTTCTTCATCGATGCGAGAACCAAGAGATCCGTTGTTGAAAGTTTTAAATATTTTTTTTCTAAAATGAAAAATAATTGACAATGTTTAAAATACAATAGTTGTTTGTGTTTGTAACCCTTGGGCCGTAAAGCCCAAAGAAGAAGCGTTGTAAAATAAATTACTCCACAGTGTGTGTGTAGAGAGACAGTCGTTAACAGAAAGCATCATCGGCCGCGCAATCAAGCGCAGGCTCCTGAACTTTCCCGGCTGCTCTAACAAAATTCTTTAATGATCCTTCCGCAGGTTCACCTACGGAAGGAT
RT,5,b,RT.5.b,Lachancea,quebecensis,0,99.51,NR_138247.1,TTTGAGGTCAACTTTATGAATACTGTTTGCCAGACTGTCTGTACTTTCAGTAAAAGCCTTTAAAACGCCTACTAACGCCACTACGAGTTGGTAAAACCTAATACGCAGAGTATCAGCGGACTGGACTAAAACCTCAGTCAGCAACAGCCAGATGGCCAGCATTTTCAAGTTAACCCAGAAAGAGTACCACTCACTACCAAACCCGAGGGTTTGAGAAGGAAATGACGCTCAAACAGGCATGCCCCCTGGAATACCAGAGGGCGCAATGTGCGTTCAAAGATTCGATGATTCACGAATATCTGCAATTCACAATACTTATCGCATTTCGCTGCGTTCTTCATCGATGCGAGAACCAAGAGATCCGTTGTTGAAAGTTTTAAATATTTTTTTTCTAAAATGAAAAATAATTGACAATGTTTAAAATACAATAGTTGTTTGTGTTTGTAACCCTTGGGCCGTAAAGCCCAAAGAAGAAGCGTTGTAAAATAAATTACTCCACAGTGTGTGTGTAGAGAGACAGTCGTTAACAGAAAGCATCATCGGCCGCGCAATCAAGCGCAGGCTCCTGAACTTTCCCGGCTGCTCTAACAAAATTCTTTAATGATCCTTCCGCAGGTTCACCTACGGAAGGAT
RT,5,c,RT.5.c,Lachancea,quebecensis,0,99.51,NR_138247.1,AGGTCAACTTTATGAATACTGTTTGCCAGACTGTCTGTACTTTCAGTAAAAGCCTTTAAAACGCCTACTAACGCCACTACGAGTTGGTAAAACCTAATACGCAGAGTATCAGCGGACTGGACTAAAACCTCAGTCAGCAACAGCCAGATGGCCAGCATTTTCAAGTTAACCCAGAAAGAGTACCACTCACTACCAAACCCGAGGGTTTGAGAAGGAAATGACGCTCAAACAGGCATGCCCCCTGGAATACCAGAGGGCGCAATGTGCGTTCAAAGATTCGATGATTCACGAATATCTGCAATTCACAATACTTATCGCATTTCGCTGCGTTCTTCATCGATGCGAGAACCAAGAGATCCGTTGTTGAAAGTTTTAAATATTTTTTTTCTAAAATGAAAAATAATTGACAATGTTTAAAATACAATAGTTGTTTGTGTTTGTAACCCTTGGGCCGTAAAGCCCAAAGAAGAAGCGTTGTAAAATAAATTACTCCACAGTGTGTGTGTAGAGAGACAGTCGTTAACAGAAAGCATCATCGGCCGCGCAATCAAGCGCAGGCTCCTGAACTTTCCCGGCTGCTCTAACAAAATTCTTTAATGATCCTTCCGCAGGTTCACCTAACGGAAGG
RT,5,d,RT.5.d,Lachancea,quebecensis,0,99.77,NR_138247.1,TTTATGAATACTGTTTGCCAGACTGTCTGTACTTTCAGTAAAAGCCTTTAAAACGCCTACTAACGCCACTACGAGTTGGTAAAACCTAATACGCAGAGTATCAGCGGACTGGACTAAAACCTCAGTCAGCAACAGCCAGATGGCCAGCATTTTCAAGTTAACCCAGAAAGAGTACCACTCACTACCAAACCCGAGGGTTTGAGAAGGAAATGACGCTCAAACAGGCATGCCCCCTGGAATACCAGAGGGCGCAATGTGCGTTCAAAGATTCGATGATTCACGAATATCTGCAATTCACAATACTTATCGCATTTCGCTGCGTTCTTCATCGATGCGAGAACCAAGAGATCCGTTGTTGAAAGTTTTAAATATTTTTTTTCTAAAATGAAAAATAATTGACAATGTTTAAAATACAATAGTTGTTTGTGTTTGTAACCCTTG
RT,5,e,RT.5.e,Lachancea,quebecensis,0,98.69,NR_138247.1,TTTGAGGCAAGCATTTATGAATACTGTTTTGCCAGACTGTCTGTACTTTCAGTAAAAGCCTTTAAAACGCCTACATAACGCCACTACGAGTTGGTAAAACCTAATACGCAGAGTATCAGCGGACTGGACTAAAACCTCAGTCAGCAACAGCCAGATGGCCAGCATTTTCAAGTTAACCCAGAAAGAGTACCACTCACTACCAAACCCGAGGGTTTGAGAAGGAAATGACGCTCAAACAGGCATGCCCCCTGGAATACCAGAGGGCGCAATGTGCGTTCAAAGATTCGATGATTCACGAATATCTGCAATTCACAATACTTATCGCATTTCGCTGCGTTCTTCATCGATGCGAGAACCAAGAGATCCGTTGTTGAAAGTTTTAAATATTTTTTTTCTAAAATGAAAAATAATTGACAATGTTTAAAATACAATAGTTGTTTGTGTTTGTAACCCTTGG
RT,5,f,RT.5.f,Lachancea,quebecensis,0,98.92,NR_138247.1,CCTCGTACGGGCTTTGAGGCAAGCATTTATGAATACTGTTTGCCAGACTGTCTGTACTTTCAGTAAAAGCCTTTTAAAACGCCTTACTAACGCCACTACGAGTTGGTAAAACCTAATACGCAGAGTATCAGCGGACTGGACTAAAACCTCAGTCAGCAACAGCCAGATGGCCAGCATTTTCAAGTTAACCCAGAAAGAGTACCACTCACTACCAAACCCGAGGGTTTGAGAAGGAAATGACGCTCAAACAGGCATGCCCCCTGGAATACCAGAGGGCGCAATGTGCGTTCAAAGATTCGATGATTCACGAATATCTGCAATTCACAATACTTATCGCATTTCGCTGCGTTCTTCATCGATGCGAGAACCAAGAGATCCGTTGTTGAAAGTTTTAAATATTTTTTTTCTAAAATGAAAAATAATTGACAATGTTTAAAATACAATAGTTGTTTGTGTTTGTAACCCTTGGGCCGTAAAGCCCAAAGAAGAAGCGTTGTAAAATAAATTACTCCACAGTGTGTGTGTAGAGAGACAGTCGTTAACAGAAAGCATCATCGGCCGCGCAATC
RT,5,g,RT.5.g,Lachancea,quebecensis,0,99.67,NR_138247.1,GCAACTTTATGAATACTGTTTGCCAGACTGTCTGTACTTTCAGTAAAAGCCTTTAAAACGCCTACTAACGCCACTACGAGTTGGTAAAACCTAATACGCAGAGTATCAGCGGACTGGACTAAAACCTCAGTCAGCAACAGCCAGATGGCCAGCATTTTCAAGTTAACCCAGAAAGAGTACCACTCACTACCAAACCCGAGGGTTTGAGAAGGAAATGACGCTCAAACAGGCATGCCCCCTGGAATACCAGAGGGCGCAATGTGCGTTCAAAGATTCGATGATTCACGAATATCTGCAATTCACAATACTTATCGCATTTCGCTGCGTTCTTCATCGATGCGAGAACCAAGAGATCCGTTGTTGAAAGTTTTAAATATTTTTTTTCTAAAATGAAAAATAATTGACAATGTTTAAAATACAATAGTTGTTTGTGTTTGTAACCCTTGGGCCGTAAAGCCCAAAGAAGAAGCGTTGTAAAATAAATTACTCCACAGTGTGTGTGTAGAGAGACAGTCGTTAACAGAAAGCATCATCGGCCGCGCAATCAAGCGCAGGCTCCTGAACTTTCCCGGCTGCTCTAACAAAATTCTTTAATGATCCTTCCGCAGGTTCACCTACGGA
RT,5,h,RT.5.h,Lachancea,quebecensis,0,99.35,NR_138247.1,GAGGCAAACTTTATGAATACTGTTTGCCAGACTGTCTGTACTTTCAGTAAAAGCCTTTAAAACGCCTACTAACGCCACTACGAGTTGGTAAAACCGTAATACGCAGAGTATCAGCGGACTGGACTAAAACCTCAGTCAGCAACAGCCAGATGGCCAGCATTTTCAAGTTAACCCAGAAAGAGTACCACTCACTACCAAACCCGAGGGTTTGAGAAGGAAATGACGCTCAAACAGGCATGCCCCCTGGAATACCAGAGGGCGCAATGTGCGTTCAAAGATTCGATGATTCACGAATATCTGCAATTCACAATACTTATCGCATTTCGCTGCGTTCTTCATCGATGCGAGAACCAAGAGATCCGTTGTTGAAAGTTTTAAATATTTTTTTTCTAAAATGAAAAATAATTGACAATGTTTAAAATACAATAGTTGTTTGTGTTTGTAACCCTTGGGCCGTAAAGCCCAAAGAAGAAGCGTTGTAAAATAAATTACTCCACAGTGTGTGTGTAGAGAGACAGTCGTTAACAGAAAGCATCATCGGCCGCGCAATCAAGCGCAGGCTCCTGAACTTTCCCGGCTGCTCTAACAAAATTCTTTAATGATCCTTCCG
RT,5,i,RT.5.i,Lachancea,quebecensis,0,99.48,NR_138247.1,CAAACTTTATGAATACTGTTTGCCAGACTGTCTGTACTTTCAGTAAAAGCCTTTAAAACGCCTACTAACGCCACTACGAGTTGGTAAAACCTAATACGCAGAGTATCAGCGGACTGGACTAAAACCTCAGTCAGCAACAGCCAGATGGCCAGCATTTTCAAGTTAACCCAGAAAGAGTACCACTCACTACCAAACCCGAGGGTTTGAGAAGGAAATGACGCTCAAACAGGCATGCCCCCTGGAATACCAGAGGGCGCAATGTGCGTTCAAAGATTCGATGATTCACGAATATCTGCAATTCACAATACTTATCGCATTTCGCTGCGTTCTTCATCGATGCGAGAACCAAGAGATCCGTTGTTGAAAGTTTTAAATATTTTTTTTCTAAAATGAAAAATAATTGACAATGTTTAAAATACAATAGTTGTTTGTGTTTGTAACCCTTGGGCCGTAAAGCCCAAAGAAGAAGCGTTGTAAAATAAATTACTCCACAGTGTGTGTGTAGAGAGACAGTCGTTAACAGAAAGCATCATCGGCCGCGCAATCAAGCGCAGGCTCCTGAACTTTCCCGGCTGCTCTTAC
RT,5,j,RT.5.j,Lachancea,quebecensis,0,99.18,NR_138247.1,GGGACCTACCTGATTGAGGCAAACTTTATGAATACTGTTTGCCAGACTGTCTGTACTTTCAGTAAAAGCCTTTAAAACGCCTACTAACGCCACTACGAGTTGGTAAAACCTTAATACGCAGAGTATCAGCGGACTGGACTAAAACCTCAGTCAGCAACAGCCAGATGGCCAGCATTTTCAAGTTAACCCAGAAAGAGTACCACTCACTACCAAACCCGAGGGTTTGAGAAGGAAATGACGCTCAAACAGGCATGCCCCCTGGAATACCAGAGGGCGCAATGTGCGTTCAAAGATTCGATGATTCACGAATATCTGCAATTCACAATACTTATCGCATTTCGCTGCGTTCTTCATCGATGCGAGAACCAAGAGATCCGTTGTTGAAAGTTTTAAATATTTTTTTTCTAAAATGAAAAATAATTGACAATGTTTAAAATACAATAGTTGTTTGTGTTTGTAACCCTTGGGCCGTAAAGCCCAAAGAAGAAGCGTTGTAAAATAAATTACTCCACAGTGTGTGTGTAGAGAGACAGTCGTTAACAGAAAGCATCATCGGCCGCGCAATCAAGCGCAGGCTCCTGAACTTTCCCGGCTGCTCTAACAAAATTCTTTA
30,1,a,30.1.a,Pichia,terricola,0,98.65,NR_153294.1,TTGAGGCGAGCTTGATAGCTGGGGTCGGCGCACAACATAGTTCGCTTCGCCCCTTAACTCTTTTCGGCGGGGCCAAGGCCGGGCCAGCTCCACTTGCGTGAGATAGAAACGACGCTCAAACAGGCATGCCCCCCGGAATACCAGGGGGCGCAATGTGCGTTCAAGAACTCGATGATTCACGATGGCTGCAATTCACACTAGGTATCGCATTTCGCTGCGCTCTTCATCGATGCGAGAACCAAGAGATCCGTTGTTGAAAGTTTTATTCTTATGGATTCTTGACTAGGTTATTCATGTTTAGGGGTTTGTTACGCGCACGCAGTGTGGAAAGTATATCACAGTAATGATCCTTCCGCAGGTTCACCTACGGAAGGACCGTGTTTG
30,1,b,30.1.b,Pichia,terricola,0,98.93,NR_153294.1,CCGGATTGAGGTCGAGCTTGATAGCTGGGGTCGGCGCACAACATAGTTCGCTTCGCCCCCCTTATTCTTTTCGGCGGGGCCAAGGCCGGGCCAGCTCCACTTGCGTGAGATAGAAACGACGCTCAAACAGGCATGCCCCCCGGAATACCAGGGGGCGCAATGTGCGTTCAAGAACTCGATGATTCACGATGGCTGCAATTCACACTAGGTATCGCATTTCGCTGCGCTCTTCATCGATGCGAGAACCAAGAGATCCGTTGTTGAAAGTTTTATTCTTATGGATTCTTGACTAGGTTATTCATGTTTAGGGGTTTGTTACGCGCACGCAGTGTGGAAAGTATATCACAGTAATGATCCTTCCGCAGGTTCACCTACGGAAGGA
30,1,c,30.1.c,Pichia,terricola,0,98.18,NR_153294.1,GGGGCATCCACCTGATTGAGGTCGAGCTTGATAGCTGGGGTCGGCGCACAACATAGTTCGCTTCGCCCGTTTTTTCTTTTCGGCGGGGCCAAGGCCGGGCCAGCCTCCACTTGCGTGAGATAGAAACGACGCTCAAACAGGCATGCCCCCCGGAATACCAGGGGGCGCAATGTGCGTTCAAGAACTCGATGATTCACGATGGCTGCAATTCACACTAGGTATCGCATTTCGCTGCGCTCTTCATCGATGCGAGAACCAAGAGATCCGTTGTTGAAAGTTTTATTCTTATGGATTCTTGACTGGGTTATTCATGTTTAGGGGTTTGTTACGCGCACGCAGTGTGGAAAGTATATCACAGTAATGATCCTTCCGCAGGTTCACCTACGGAAGGA
30,1,d,30.1.d,Pichia,terricola,0,98.45,NR_153294.1,GGGAGAATCCACCTGATTTGAGGTCGAGCCTTGATAGCTGGGGTCGGCGCACAACATAGTTCGCTTCGCCCCTCTTTTTCTTTTCGGCGGGGCCAAGGCCGGGCCAGCCTCCACTTGCGTGAGATAGAAACGACGCTCAAACAGGCATGCCCCCCGGAATACCAGGGGGCGCAATGTGCGTTCAAGAACTCGATGATTCACGATGGCTGCAATTCACACTAGGTATCGCATTTCGCTGCGCTCTTCATCGATGCGAGAACCAAGAGATCCGTTGTTGAAAGTTTTATTCTTATGGATTCTTGACTAGGTTATTCATGTTTAGGGGTTTGTTACGCGCACGCAGTGTGGAAAGTATATCACAGTAATGATCCTTCCGCAGGTTCACCTACGGAAGGTTCGT
30,1,e,30.1.e,Pichia,terricola,0,99.47,NR_153294.1,GATTGAGGTCGAGCTTGATAGCTGGGGTCGGCGCACAACATAGTTCGCTTCGCCCCTCCTTTCTTTTCGGCGGGGCCAAGGCCGGGCCAGCTCCACTTGCGTGAGATAGAAACGACGCTCAAACAGGCATGCCCCCCGGAATACCAGGGGGCGCAATGTGCGTTCAAGAACTCGATGATTCACGATGGCTGCAATTCACACTAGGTATCGCATTTCGCTGCGCTCTTCATCGATGCGAGAACCAAGAGATCCGTTGTTGAAAGTTTTATTCTTATGGATTCTTGACTAGGTTATTCATGTTTAGGGGTTTGTTACGCGCACGCAGTGTGGAAAGTATATCACAGTAATGATCCTTCCGCAGGTTCACCTACGGAAGGA
30,1,f,30.1.f,Pichia,terricola,0,99.46,NR_153294.1,CCCTCGATTGAGGTCGAGCTTGATAGCTGGGGTCGGCGCACAACATAGTTCGCTTCGCCCTCTTTTCTTTTCGGCGGGGCCAAGGCCGGGCCAGCTCCACCTTGCGTGAGATAGAAACGACGCTCAAACAGGCATGCCCCCCGGAATACCAGGGGGCGCAATGTGCGTTCAAGAACTCGATGATTCACGATGGCTGCAATTCACACTAGGTATCGCATTTCGCTGCGCTCTTCATCGATGCGAGAACCAAGAGATCCGTTGTTGAAAGTTTTATTCTTATGGATTCTTGACTAGGTTATTCATGTTTAGGGGTTTGTTACGCGCACGCAGTGTGGAAAGTATATCACAGTAATGATCCTTCCGCAGGTTCACCTACGGAAGGACCGT
30,1,g,30.1.g,Pichia,terricola,0,98.67,NR_153294.1,GATTGAGGGCGAGCCTTGATAGCTGGGGTCGGCGCACAACATAGTTCGCTTCGCCCTCTTTTCTTTTCGGCGGGGCCAAGGCCGGGCCAGCCTCCACCTTGCGTGAGATAGAAACGACGCTCAAACAGGCATGCCCCCCGGAATACCAGGGGGCGCAATGTGCGTTCAAGAACTCGATGATTCACGATGGCTGCAATTCACACTAGGTATCGCATTTCGCTGCGCTCTTCATCGATGCGAGAACCAAGAGATCCGTTGTTGAAAGTTTTATTCTTATGGATTCTTGACTAGGTTATTCATGTTTAGGGGTTTGTTACGCGCACGCAGTGTGGAAAGTATATCACAGTAATGATCCTTCCGCAGGTTCACCTACGGAAGGTCCGTGTTT
30,1,h,30.1.h,Pichia,terricola,0,98.44,NR_153294.1,GGAATCCTCCTGATTGAGGTCGAGCTTGATAGCTGGGGTCGGCGCACAACATAGTTCGCTTCGCCCCTTTTATCTTTTCGGCGGGGCCAAGGCCGGGCCAGCTCCACTTGCGTGAGATAGAAACGACGCTCAAACAGGCATGCCCCCCGGAATACCAGGGGGCGCAATGTGCGTTCAAGAACTCGATGATTCACGATGGCTGCAATTCACACTAGGTATCGCATTTCGCTGCGCTCTTCATCGATGCGAGAACCAAGAGATCCGTTGTTGAAAGTTTTATTCTTATGGATTCTTGACTAGGTTATTCATGTTTAGGGGTTTGTTACGCGCACGCAGTGTGGAAAGTATATCACAGTAATGATCCTTCCGCAGGTTCACCTACGGAAGGA
30,1,i,30.1.i,Pichia,terricola,0,98.94,NR_153294.1,TGATTGAGGTCGAGCTTGATAGCTGGGGTCGGCGCACAACATAGTTCGCTTCGCCCTGTTTTCTTTTCGGCGGGGCCAAGGCCGGGCCAGCTCCACTTGCGTGAGATAGAAACGACGCTCAAACAGGCATGCCCCCCGGAATACCAGGGGGCGCAATGTGCGTTCAAGAACTCGATGATTCACGATGGCTGCAATTCACACTAGGTATCGCATTTCGCTGCGCTCTTCATCGATGCGAGAACCAAGAGATCCGTTGTTGAAAGTTTTATTCTTATGGATTCTTGACTAGGTTATTCATGTTTAGGGGTTTGTTACGCGCACGCAGGGTGGAAAGTATATCACAGTAATGATCCTTCCGCAGGTTCACCTACGGAA
30,1,j,30.1.j,Pichia,terricola,0,98.13,NR_153294.1,GATTGAGGCGAGCTTGATAGCTGGGGTCGGCGCACAACATAGGTTCGCTTCGCCCCCTTTTTCGTTTTCGGCGGGGCCAAGGCCGGGCCAGCTCCACTTGCGTGAGATAGAAACGACGCTCAAACAGGCATGCCCCCCGGAATACCAGGGGGCGCAATGTGCGTTCAAGAACTCGATGATTCACGATGGCTGCAATTCACACTAGGTATCGCATTTCGCTGCGCTCTTCATCGATGCGAGAACCAAGAGATCCGTTGTTGAAAGTTTTATTCTTATGGATTCTTGACTGGGTTATTCATGTTTAGGGGTTTGTTACGCGCACGCAGTGTGGAAAGTATATCACAGTAATGATCCTTCCGCAGGTTCACCTACGGA
30,2,a,30.2.a,Pichia,terricola,0,99.73,NR_153294.1,GAGGTCGAGCTTGATAGCTGGGGTCGGCGCACAACATAGTTCGCTTCGCCCCTCGTTTCTTTTCGGCGGGGCCAAGGCCGGGCCAGCTCCACTTGCGTGAGATAGAAACGACGCTCAAACAGGCATGCCCCCCGGAATACCAGGGGGCGCAATGTGCGTTCAAGAACTCGATGATTCACGATGGCTGCAATTCACACTAGGTATCGCATTTCGCTGCGCTCTTCATCGATGCGAGAACCAAGAGATCCGTTGTTGAAAGTTTTATTCTTATGGATTCTTGACTAGGTTATTCATGTTTAGGGGTTTGTTACGCGCACGCAGTGTGGAAAGTATATCACAGTAATGATCCTTCCGCAGGTTCACCTACGGAAGGAT
30,2,b,30.2.b,Lachancea,kluyveri,0,99.16,NR_138159.1,CCGATTGAGGTCAACTTTATGAATACTGTTCGCCAGGCTGTCTGTACTTTCGTGCTCCATTCGTAATAACGCCCGACCGATGCCACAACGAGTTGGTAAAACCTAATACGTCGAGTATCAGCAGACTGGACTAGAGCCTCAGCCAGCAGCAGCCAGATGGCCAGCATTTTCAAGTTAACCCTGGAAAGAGTATCACTCACGACCAAACCCAAAGGTTTGAGAAGGAAATGACGCTCAAACAGGCATGCCCTTTGGAATACCAAAGGGCGCAATGTGCGTTCAAAGATTCGATGATTCACGAAAATCTGCAATTCACAATACGTATCGCATTTCGCTGCGTTCTTCATCGATGCGAGAACCAAGAGATCCGTTGTTGAAAGTTTTGAATATTTTATTTTCTTAAAATGAAAATTTCTTGACTAAAATAAACATAAAAAATTGTTTGTGTTTTGTATCCTCTGGGCTTGCGCCCAAAGAAAAAGTAGCAAAGTAGAAAAAACTCCACAGTGTGTGTGTAGAAAGAGACAACCGTTAACAGAAAGCACCGTCGGCCGCGCAATTAAGCGCAGGCTGGCTGGCACTCCCCCGGCTGCTCCAATCAAAAATCTTTAATGATCCTTCCGCAGGTTCACCTACGGAA
30,2,c,30.2.c,Pichia,terricola,0,99.45,NR_153294.1,GAGCCTTGATAGCTGGGGTCGGCGCACAACATAGTTCGCTTCGCCCTCGTTTCTTTTCGGCGGGGCCAAGGCCGGGCCAGCTCCACTTGCGTGAGATAGAAACGACGCTCAAACAGGCATGCCCCCCGGAATACCAGGGGGCGCAATGTGCGTTCAAGAACTCGATGATTCACGATGGCTGCAATTCACACTAGGTATCGCATTTCGCTGCGCTCTTCATCGATGCGAGAACCAAGAGATCCGTTGTTGAAAGTTTTATTCTTATGGATTCTTGACTGGGTTATTCATGTTTAGGGGTTTGTTACGCGCACGCAGTGTGGAAAGTATATCACAGTAATGATCCTTCCGCAGGTTCACCTACGGAAGGTCCGTGTTTCAAGAC
30,2,d,30.2.d,Pichia,terricola,0,99.72,NR_153294.1,TTGATAGCTGGGGTCGGCGCACAACATAGTTCGCTTCGCCCTCGTTTCTTTTCGGCGGGGCCAAGGCCGGGCCAGCTCCACTTGCGTGAGATAGAAACGACGCTCAAACAGGCATGCCCCCCGGAATACCAGGGGGCGCAATGTGCGTTCAAGAACTCGATGATTCACGATGGCTGCAATTCACACTAGGTATCGCATTTCGCTGCGCTCTTCATCGATGCGAGAACCAAGAGATCCGTTGTTGAAAGTTTTATTCTTATGGATTCTTGACTGGGTTATTCATGTTTAGGGGTTTGTTACGCGCACGCAGTGTGGAAAGTATATCACAGTAATGATCCTTCCGCAGGTTCACCTACG
30,2,e,30.2.e,Lachancea,kluyveri,0,98.83,NR_138159.1,AACATTTATGGAATACTGTTTCGCCAGGCTGGTCTGTACTTTCGTGCCTAGGAGTCGTAATAACGCCCGACCGATGCCACAACGAGTTGGTAAAACCTAATACGTCGAGTATCAGCAGACTGGACTAGAGCCTCAGCCAGCAGCAGCCAGATGGCCAGCATTTTCAAGTTAACCCTGGAAAGAGTATCACTCACGACCAAACCCAAAGGTTTGAGAAGGAAATGACGCTCAAACAGGCATGCCCTTTGGAATACCAAAGGGCGCAATGTGCGTTCAAAGATTCGATGATTCACGAAAATCTGCAATTCACAATACGTATCGCATTTCGCTGCGTTCTTCATCGATGCGAGAACCAAGAGATCCGTTGTTGAAAGTTTTGAATATTTTATTTTCTTAAAATGAAAATTTCTTGACTAAAATAAACATAAAAAATTGTTTGTGTTTTGTATCCTCTGGGCTTGCGCCCAAAGAAAAAGTAGCAAAGTAGAAAAAACTCCACAGTGTGTGTGTAGAAAGAGACAACCGTTAACAGAAAGCACCGTCGGCCGCGCAATTAAGCGCAGGCTGGCTGGCACTCCCCCGGCTGCTCCAATCAAAAATCTTTAATGATCCTTCCGCAGGTTCACCTACGGAAGGAT
30,2,f,30.2.f,Pichia,terricola,5.00E-174,98.55,NR_153294.1,AGCTGGGGTCGGCGCACAACATAGTTCGCTTCGCCATCGTTTCTTTTCGGCGGGGCCAAGGCCGGGGCCAGCTCCACGTTGCGTGAGATAGAAACGACGCTCAAACAGGCATGCCCCCCGGAATACCAGGGGGCGCAATGTGCGTTCAAGAACTCGATGATTCACGATGGCTGCAATTCACACTAGGTATCGCATTTCGCTGCGCTCTTCATCGATGCGAGAACCAAGAGATCCGTTGTTGAAAGTTTTATTCTTATGGATTCTTGACTGGGTTATTCATGTTTAGGGGTTTGTTACGCGCACGCAGTGGGGAAAGTATATCACAGTAATGATCCTTCCGCAGG
30,2,g,30.2.g,Pichia,terricola,0,98.12,NR_153294.1,GAGGCGAGCTTGATAGCTGGGGTCGGCGCACAACATAGTTCGCTTCGCCCCTTTTTTCTTTTCGGCGGGGCCAAGGCCGGGGCCAGCTCCACTTGCGTGAGATAGAAACGACGCTCAAACAGGCATGCCCCCCGGAATACCAGGGGGCGCAATGTGCGTTCAAGAACTCGATGATTCACGATGGCTGCAATTCACACTAGGTATCGCATTTCGCTGCGCTCTTCATCGATGCGAGAACCAAGAGATCCGTTGTTGAAAGTTTTATTCTTATGGATTCTTGACTAGGTTATTCATGTTTAGGGGTTTGTTACGCGCACGCAGGGGGGAAAGTATATCACAGTAATGATCCTTCCGCAGGTTCACCTACGGAAGG
30,2,h,30.2.h,Pichia,terricola,0,98.92,NR_153294.1,GAGGTCGAGCTTGATAGCTGGGGTCGGCGCACAACATAGTTCGCTTCGCCCCCTTTTGCTTTTCGGCGGGGCCAAGGCCGGGCCAGCTCCACTTGCGTGAGATAGAAACGACGCTCAAACAGGCATGCCCCCCGGAATACCAGGGGGCGCAATGTGCGTTCAAGAACTCGATGATTCACGATGGCTGCAATTCACACTAGGTATCGCATTTCGCTGCGCTCTTCATCGATGCGAGAACCAAGAGATCCGTTGTTGAAAGTTTTATTCTTATGGATTCTTGACTGGGTTATTCATGTTTAGGGGTTTGTTACGCGCACGCAGTGTGGAAAGTATATCACAGTAATGATCCTTCCGCAGGTTCACCTACGGAAGGATCATTACTGTGATATACTTTCCACACTG
30,2,i,30.2.i,Lachancea,kluyveri,0,98.08,NR_138159.1,GATTGAGGTCAAACATTTATGAATACTGGTTCGCCAGGCCTGTCTGTACTTTCGTGCCATTTTCGTAATAACGCCCGACCGATGCCACAACGAGTTGGTAAAACCTAATACGTCGAGTATCAGCAGACTGGACTAGAGCCTCAGCCAGCAGCAGCCAGATGGCCAGCATTTTCAAGTTAACCCTGGAAAGAGTATCACTCACGACCAAACCCAAAGGTTTGAGAAGGAAATGACGCTCAAACAGGCATGCCCTTTGGAATACCAAAGGGCGCAATGTGCGTTCAAAGATTCGATGATTCACGAAAATCTGCAATTCACAATACGTATCGCATTTCGCTGCGTTCTTCATCGATGCGAGAACCAAGAGATCCGTTGTTGA
30,2,j,30.2.j,Pichia,terricola,6.00E-168,99.69,NR_153294.1,ATTGAGGCGAGCTTGATAGCTGGGGTCGGCGCACAACATAGTTCGCTTCGCCCTCGTTTCTTTTCGGCGGGGCCAAGGCCGGGCCAGCTCCACTTGCGTGAGATAGAAACGACGCTCAAACAGGCATGCCCCCCGGAATACCAGGGGGCGCAATGTGCGTTCAAGAACTCGATGATTCACGATGGCTGCAATTCACACTAGGTATCGCATTTCGCTGCGCTCTTCATCGATGCGAGAACCAAGAGATCCGTTGTTGAAAGTTTTATTCTTATGGATTCTTGACTAGGTTATTCATGTTTAGGGGTTTGTTACGCGCACGCA
30,3,a,30.3.a,Pichia,terricola,0,98.66,NR_153294.1,TTGAGGCGAGCTTGATAGCTGGGGTCGGCGCACAACATAGTTCGCTTCGCCCCTCTTTTCTTTTCGGCGGGGCCAAGGCCGGGCCAGCTCCACTTGCGTGAGATAGAAACGACGCTCAAACAGGCATGCCCCCCGGAATACCAGGGGGCGCAATGTGCGTTCAAGAACTCGATGATTCACGATGGCTGCAATTCACACTAGGTATCGCATTTCGCTGCGCTCTTCATCGATGCGAGAACCAAGAGATCCGTTGTTGAAAGTTTTATTCTTATGGATTCTTGACTAGGTTATTCATGTTTAGGGGTTTGTTACGCGCACGCAGGGGGGAAAGTATATCACAGTAATGATCCTTCCGCAGGTTCACCTACGGA
30,3,b,30.3.b,Pichia,terricola,0,98.1,NR_153294.1,GGGCGAGCTTGATAGCTGGGGTCGGCGCACAACATAGTTCGCTTCGCCCCTCTTTTTCTTTTCGGCGGGGCCAAGGCCGGGGCCAGCTCCACTTGCGTGAGATAGAAACGACGCTCAAACAGGCATGCCCCCCGGAATACCAGGGGGCGCAATGTGCGTTCAAGAACTCGATGATTCACGATGGCTGCAATTCACACTAGGTATCGCATTTCGCTGCGCTCTTCATCGATGCGAGAACCAAGAGATCCGTTGTTGAAAGTTTTATTCTTATGGATTCTTGACTAGGTTATTCATGTTTAGGGGTTTGTTACGCGCACGCAGGGGGGGAAAGTATATCACAGTAATGATCCTTCCGCAGGTTCACCTACGGAT
30,3,c,30.3.c,Pichia,terricola,0,98.63,NR_153294.1,GAGCTTGATAGCTGGGGTCGGCGCACAACATAGTTCGCTTCGCCCCCTCGTTTTCTTTTCGGCGGGGCCAAGGCCGGGCCAGCTCCACTTGCGTGAGATAGAAACGACGCTCAAACAGGCATGCCCCCCGGAATACCAGGGGGCGCAATGTGCGTTCAAGAACTCGATGATTCACGATGGCTGCAATTCACACTAGGTATCGCATTTCGCTGCGCTCTTCATCGATGCGAGAACCAAGAGATCCGTTGTTGAAAGTTTTATTCTTATGGATTCTTGACTAGGTTATTCATGTTTAGGGGTTTGTTACGCGCACGCAGTGGGGAAAGTATATCACAGTAATGATCCTTCCGCAGGGTCACCTACGGATG
30,3,d,30.3.d,Pichia,terricola,0,98.13,NR_153294.1,ATTGAGGGCGAGCTTGATAGCTGGGGTCGGCGCACAACATAGTTCGCTTCGCCCCTGTTTTCTTTTCGGCGGGGCCAAGGCCGGGCCAGCTCCACTTGCGTGAGATAGAAACGACGCTCAAACAGGCATGCCCCCCGGAATACCAGGGGGCGCAATGTGCGTTCAAGAACTCGATGATTCACGATGGCTGCAATTCACACTAGGTATCGCATTTCGCTGCGCTCTTCATCGATGCGAGAACCAAGAGATCCGTTGTTGAAAGTTTTATTCTTATGGATTCTTGACTAGGTTATTCATGTTTAGGGGTTTGTTACGCGCACGCAGGGTGGGAAAGTATATCACAGTAATGATCCTTCCGCAGGATCACCTACGGAAGGAC
30,3,e,30.3.e,Pichia,terricola,0,99.18,NR_153294.1,CGAGCTTGATAGCTGGGGTCGGCGCACAACATAGTTCGCTTTCGCCCCCGTTTTCTTTTCGGCGGGGCCAAGGCCGGGCCAGCTCCACTTGCGTGAGATAGAAACGACGCTCAAACAGGCATGCCCCCCGGAATACCAGGGGGCGCAATGTGCGTTCAAGAACTCGATGATTCACGATGGCTGCAATTCACACTAGGTATCGCATTTCGCTGCGCTCTTCATCGATGCGAGAACCAAGAGATCCGTTGTTGAAAGTTTTATTCTTATGGATTCTTGACTAGGTTATTCATGTTTAGGGGTTTGTTACGCGCACGCAGTGTGGAAAGTATATCACAGTAATGATCCTTCCGCAGGTTCACCTACGGAAGGA
30,3,f,30.3.f,Pichia,terricola,0,98.39,NR_153294.1,ATTGAGGTCGAGCTGATAGCTGGGGTCGGCGCACAACATAGTTCGCTTCGCCCCCTTTTGCTTTTCGGCGGGGCCAAGGCCGGGCCAGCTCCACTTGCGTGAGATAGAAACGACGCTCAAACAGGCATGCCCCCCGGAATACCAGGGGGCGCAATGTGCGTTCAAGAACTCGATGATTCACGATGGCTGCAATTCACACTAGGTATCGCATTTCGCTGCGCTCTTCATCGATGCGAGAACCAAGAGATCCGTTGTTGAAAGTTTTATTCTTATGGATTCTTGACTAGGTTATTCATGTTTAGGGGTTTGTTACGCGCACGCAGTGTGGAAAGTATATCACAGTAATGATCCTTCCGCAGGTTCGACTACGGAAGG
30,3,g,30.3.g,Pichia,terricola,0,99.46,NR_153294.1,GATTGAGGCGAGCTTGATAGCTGGGGTCGGCGCACAACATAGTTCGCTTCGCCCTCGGTTTCTTTTCGGCGGGGCCAAGGCCGGGCCAGCTCCACTTGCGTGAGATAGAAACGACGCTCAAACAGGCATGCCCCCCGGAATACCAGGGGGCGCAATGTGCGTTCAAGAACTCGATGATTCACGATGGCTGCAATTCACACTAGGTATCGCATTTCGCTGCGCTCTTCATCGATGCGAGAACCAAGAGATCCGTTGTTGAAAGTTTTATTCTTATGGATTCTTGACTAGGTTATTCATGTTTAGGGGTTTGTTACGCGCACGCAGTGTGGAAAGTATATCACAGTAATGATCCTTCCGCAGGTTCACCTACGGACGGTCCGTGTTTCAAGACGGATG
30,3,h,30.3.h,Pichia,terricola,0,98.38,NR_153294.1,GAGGTCGAGCTTGATAGCTGGGGTCGGCGCACAACATAGTTCGCTTCGCCCCCTTTTTTCTTTTCGGCGGGGCCAAGGCCGGGCCAGCTCCACTTGCGTGAGATAGAAACGACGCTCAAACAGGCATGCCCCCCGGAATACCAGGGGGCGCAATGTGCGTTCAAGAACTCGATGATTCACGATGGCTGCAATTCACACTAGGTATCGCATTTCGCTGCGCTCTTCATCGATGCGAGAACCAAGAGATCCGTTGTTGAAAGTTTTATTCTTATGGATTCTTGACTAGGTTATTCATGTTTAGGGGTTTGTTACGCGCACGCAGGGGGGAAAGTATATCACAGTAATGATCCTTCCGCAGGTTCACCTACGGA
30,3,i,30.3.i,Pichia,terricola,0,97.57,NR_153294.1,CGAGCCTTGGATAGCTGGGGTCGGCGCACAACATAGTTCGCTTCGCCCCCGTTTTCGGTTTTCGGCGGGGCCAAGGCCGGGCCAGCTCCACTTGCGTGAGATAGAAACGACGCTCAAACAGGCATGCCCCCCGGAATACCAGGGGGCGCAATGTGCGTTCAAGAACTCGATGATTCACGATGGCTGCAATTCACACTAGGTATCGCATTTCGCTGCGCTCTTCATCGATGCGAGAACCAAGAGATCCGTTGTTGAAAGTTTTATTCTTATGGATTCTTGACTAGGTTATTCATGTTTAGGGGTTTGTTACGCGCACCCAGGGGGGAAAGTATATCACAGTAATGATCCTTCCGCAGGTTCACCTACGGAAGGACCGT
30,3,j,30.3.j,Pichia,terricola,0,98.08,NR_153294.1,TTATTGAGGTCGAGCTTGATAGCTGGGGTCGGCGCACAACATAGTTCGCTTCGCCCCTTTTTTTCGTTTTCGGCGGGGCCAAGGCCGGGCCCAGCTCCACTTGCGTGAGATAGAAACGACGCTCAAACAGGCATGCCCCCCGGAATACCAGGGGGCGCAATGTGCGTTCAAGAACTCGATGATTCACGATGGCTGCAATTCACACTAGGTATCGCATTTCGCTGCGCTCTTCATCGATGCGAGAACCAAGAGATCCGTTGTTGAAAGTTTTATTCTTATGGATTCTTGACTAGGTTATTCATGTTTAGGGGTTTG
30,4,a,30.4.a,Pichia,terricola,0,99.73,NR_153294.1,CGAGCTTGATAGCTGGGGTCGGCGCACAACATAGTTCGCTTCGCCCATCGTTTCTTTTCGGCGGGGCCAAGGCCGGGCCAGCTCCACTTGCGTGAGATAGAAACGACGCTCAAACAGGCATGCCCCCCGGAATACCAGGGGGCGCAATGTGCGTTCAAGAACTCGATGATTCACGATGGCTGCAATTCACACTAGGTATCGCATTTCGCTGCGCTCTTCATCGATGCGAGAACCAAGAGATCCGTTGTTGAAAGTTTTATTCTTATGGATTCTTGACTAGGTTATTCATGTTTAGGGGTTTGTTACGCGCACGCAGTGTGGAAAGTATATCACAGTAATGATCCTTCCGCAGGTTCACCTACGGAA
30,4,b,30.4.b,Pichia,terricola,0,97.76,NR_153294.1,TTGAGGCGAGCTTGATAGCTGGGGTCGGCGCACAACATAGTTCGCTTCGCCCCGTTTTCGGTTTTCGGCGGGGCCAAGGCCGGGGCCAGCTCCACTTGCGTGAGATAGAAACGACGCTCAAACAGGCATGCCCCCCGGAATACCAGGGGGCGCAATGTGCGTTCAAGAACTCGATGATTCACGATGGCTGCAATTCACACTAGGTATCGCATTTCGCTGCGCTCTTCATCGATGCGAGAACCAAGAGATCCGTTGTTGAAAGATTTATTCTTATGGATTCTTGACTAGGTTATTCATGTTTAGGGGTTTG
30,4,c,30.4.c,Pichia,terricola,0,98.92,NR_153294.1,GTCGAGCTGGATAGCTGGGGTCGGCGCACAACATAGTTCGCTTCGCCCCTCGTTTTCTTTTCGGCGGGGCCAAGGCCGGGCCAGCTCCACCTTGCGTGAGATAGAAACGACGCTCAAACAGGCATGCCCCCCGGAATACCAGGGGGCGCAATGTGCGTTCAAGAACTCGATGATTCACGATGGCTGCAATTCACACTAGGTATCGCATTTCGCTGCGCTCTTCATCGATGCGAGAACCAAGAGATCCGTTGTTGAAAGTTTTATTCTTATGGATTCTTGACTAGGTTATTCATGTTTAGGGGTTTGTTACGCGCACGCAGTGTGGAAAGTATATCACAGTAATGATCCTTCCGCAGGTTCACCTACGGAAGG
30,4,d,30.4.d,Pichia,terricola,0,99.73,NR_153294.1,AGGTCGAGCTTGATAGCTGGGGTCGGCGCACAACATAGTTCGCTTCGCCCTCGTTTTCTTTTCGGCGGGGCCAAGGCCGGGCCAGCTCCACTTGCGTGAGATAGAAACGACGCTCAAACAGGCATGCCCCCCGGAATACCAGGGGGCGCAATGTGCGTTCAAGAACTCGATGATTCACGATGGCTGCAATTCACACTAGGTATCGCATTTCGCTGCGCTCTTCATCGATGCGAGAACCAAGAGATCCGTTGTTGAAAGTTTTATTCTTATGGATTCTTGACTAGGTTATTCATGTTTAGGGGTTTGTTACGCGCACGCAGTGTGGAAAGTATATCACAGTAATGATCCTTCCGCAGGTTCACCTACGGA
30,4,e,30.4.e,Pichia,terricola,0,99.18,NR_153294.1,TTTGAGGTCGAGCTTGATAGCTGGGGTCGGCGCACAACATAGTTCGCCTTCGCCCTCTTTTCTTTTCGGCGGGGCCAAGGCCGGGCCAGCCTCCACTTGCGTGAGATAGAAACGACGCTCAAACAGGCATGCCCCCCGGAATACCAGGGGGCGCAATGTGCGTTCAAGAACTCGATGATTCACGATGGCTGCAATTCACACTAGGTATCGCATTTCGCTGCGCTCTTCATCGATGCGAGAACCAAGAGATCCGTTGTTGAAAGTTTTATTCTTATGGATTCTTGACTAGGTTATTCATGTTTAGGGGTTTGTTACGCGCACGCAGTGTGGAAAGTATATCACAGTAATGATCCTTCCGCAGGTT
30,4,f,30.4.f,Pichia,terricola,0,99.72,NR_153294.1,CAAACTTGATAGCTGGGGTCGGCGCACAACATAGTTCGCTTCGCCCTCGGTTTCTTTTCGGCGGGGCCAAGGCCGGGCCAGCTCCACTTGCGTGAGATAGAAACGACGCTCAAACAGGCATGCCCCCCGGAATACCAGGGGGCGCAATGTGCGTTCAAGAACTCGATGATTCACGATGGCTGCAATTCACACTAGGTATCGCATTTCGCTGCGCTCTTCATCGATGCGAGAACCAAGAGATCCGTTGTTGAAAGTTTTATTCTTATGGATTCTTGACTAGGTTATTCATGTTTAGGGGTTTGTTACGCGCACGCAGTGTGGAAAGTATATCACAGTAATGATCCTTCCGCAGGTTCACCTACGGAAG
30,4,g,30.4.g,Pichia,terricola,0,99.69,NR_153294.1,AGCTTGATAGCTGGGGTCGGCGCACAACATAGTTCGCTTCGCCCTCGTTTTCTTTTCGGCGGGGCCAAGGCCGGGCCAGCTCCACTTGCGTGAGATAGAAACGACGCTCAAACAGGCATGCCCCCCGGAATACCAGGGGGCGCAATGTGCGTTCAAGAACTCGATGATTCACGATGGCTGCAATTCACACTAGGTATCGCATTTCGCTGCGCTCTTCATCGATGCGAGAACCAAGAGATCCGTTGTTGAAAGTTTTATTCTTATGGATTCTTGACTAGGTTATTCATGTTTAGGGGTTTGTTACGCGCACGCAGTGTGGAA
30,4,h,30.4.h,Pichia,terricola,0,99.19,NR_153294.1,TGAGGTCGAGCTTGATAGCTGGGGTCGGCGCACAACATAGTTCGCTTCGCCCCCTTTATCTTTTCGGCGGGGCCAAGGCCGGGCCAGCTCCACTTGCGTGAGATAGAAACGACGCTCAAACAGGCATGCCCCCCGGAATACCAGGGGGCGCAATGTGCGTTCAAGAACTCGATGATTCACGATGGCTGCAATTCACACTAGGTATCGCATTTCGCTGCGCTCTTCATCGATGCGAGAACCAAGAGATCCGTTGTTGAAAGTTTTATTCTTATGGATTCTTGACTAGGTTATTCATGTTTAGGGGTTTGTTACGCGCACGCAGTGTGGAAAGTATATCACAGTAATGATCCTTCCGCAGGTTCACCTACGGAA
30,4,i,30.4.i,Pichia,terricola,0,99.46,NR_153294.1,AGGTCGAGCTTGATAACTGGGGTCGGCGCACAACATAGTTCGCTTCGCCCTCTTTTCTTTTCGGCGGGGCCAAGGCCGGGCCAGCTCCACTTGCGTGAGATAGAAACGACGCTCAAACAGGCATGCCCCCCGGAATACCAGGGGGCGCAATGTGCGTTCAAGAACTCGATGATTCACGATGGCTGCAATTCACACTAGGTATCGCATTTCGCTGCGCTCTTCATCGATGCGAGAACCAAGAGATCCGTTGTTGAAAGTTTTATTCTTATGGATTCTTGACTAGGTTATTCATGTTTAGGGGTTTGTTACGCGCACGCAGTGTGGAAAGTATATCACAGTAATGATCCTTCCGCAGGTTCACCTACGGA
30,4,j,30.4.j,Pichia,terricola,0,99.71,NR_153294.1,CTGGGGTCGGCGCACAACATAGTTCGCTTCGCCCTCTTTTCTTTTCGGCGGGGCCAAGGCCGGGCCAGCTCCACTTGCGTGAGATAGAAACGACGCTCAAACAGGCATGCCCCCCGGAATACCAGGGGGCGCAATGTGCGTTCAAGAACTCGATGATTCACGATGGCTGCAATTCACACTAGGTATCGCATTTCGCTGCGCTCTTCATCGATGCGAGAACCAAGAGATCCGTTGTTGAAAGTTTTATTCTTATGGATTCTTGACTAGGTTATTCATGTTTAGGGGTTTGTTACGCGCACGCAGTGTGGAAAGTATATCACAGTAATGATCCTTCCGCAGGTTCACCTACG
30,5,a,30.5.a,Lachancea,kluyveri,0,98.6,NR_138159.1,GGTCAACTTTATGAATACTGTTCGCCAGGCTGTCTGTACTTTCGTGCCCATATTCGTAATAACGCCCGACCGATGCCACAACGAGTTGGTAAAACCTAATACGTCGAGTATCAGCAGACTGGACTAGAGCCTCAGCCAGCAGCAGCCAGATGGCCAGCATTTTCAAGTTAACCCTGGAAAGAGTATCACTCACGACCAAACCCAAAGGTTTGAGAAGGAAATGACGCTCAAACAGGCATGCCCTTTGGAATACCAAAGGGCGCAATGTGCGTTCAAAGATTCGATGATTCACGAAAATCTGCAATTCACAATACGTATCGCATTTCGCTGCGTTCTTCATCGATGCGAGAACCAAGAGATC
30,5,b,30.5.b,Lachancea,kluyveri,0,99.15,NR_138159.1,ACTTTATGAATACTGGTTCGCCAGGCTGATCTGTACTTTCGTGCCTAGAGTCGTAATAACGCCCGACCGATGCCACAACGAGTTGGTAAAACCTAATACGTCGAGTATCAGCAGACTGGACTAGAGCCTCAGCCAGCAGCAGCCAGATGGCCAGCATTTTCAAGTTAACCCTGGAAAGAGTATCACTCACGACCAAACCCAAAGGTTTGAGAAGGAAATGACGCTCAAACAGGCATGCCCTTTGGAATACCAAAGGGCGCAATGTGCGTTCAAAGATTCGATGATTCACGAAAATCTGCAATTCACAATACGTATCGCATTTCGCTGCGTTCTTCATCGATGCGAGAACCAAGAGATCCGTTGTTGAAAGTTTTGAATATTTTATTTTCTTAAAATGAAAATTTCTTGACTAAAATAAACATAAAAAATTGTTTGTGTTTTGTATCCTCTGGGCTTGCGCCCAAAGAAAAAGTAGCAAAGTAGAAAAAACTCCACAGTGTGTGTGTAGAAAGAGACAACCGTTAACAGAAAGCACCGTCGGCCGCGCAATTAAGCGCAGGCTGGCTGGCACTCCCCCGGCTGCTCC
30,5,c,30.5.c,Lachancea,kluyveri,0,97.63,NR_138159.1,AGGTCAACTTTATGAATACTGTTCGCCAGGCTGTCTGTACTTTCGTGCCCGTTTTTGTAATAACGCCCGACCGATGCCACAACGAGTTGGTAAAACCTAATACGTCGAGTATCAGCAGACTGGACTAGAGCCTCAGCCAGCAGCAGCCAGATGGCCAGCATTTTCAAGTTAACCCTGGAAAGAGTATCACTCACGACCAAACCCAAAGGTTTGAGAAGGAAATGACGCTCAAACAGGCATGCCCTTTGGAATACCAAAGGGCGCAATGTGCGTTCAAAGATTCGATGATTCACGAAAATCT
30,5,d,30.5.d,Lachancea,kluyveri,0,98.23,NR_138159.1,TTGAGGTCAACTTTATGAATACTGTTCGCCAGGCTGTCTGTACTTTCGTGCCCCGTTTCGTAATAACGCCCGACCGATGCCACAACGAGTTGGTAAAACCTAATACGTCGAGTATCAGCAGACTGGACTAGAGCCTCAGCCAGCAGCAGCCAGATGGCCAGCATTTTCAAGTTAACCCTGGAAAGAGTATCACTCACGACCAAACCCAAAGGTTTGAGAAGGAAATGACGCTCAAACAGGCATGCCCTTTGGAATACCAAAGGGCGCAATGTGCGTTCAAAGATTCGATGATTCACGAAAATCTGCAATTCACAATACGTATCGCATTTCGCTGCGTTCTTCATCGAT
30,5,e,30.5.e,Lachancea,kluyveri,0,98.05,NR_138159.1,TCAACTTTATGAATACTGTTCGCCAGGCTGTCTGTACTTTCGTGCCCCGTTTCGGAATAACGCCCGACCGATGCCACAACGAGTTGGTAAAACCTAATACGTCGAGTATCAGCAGACTGGACTAGAGCCTCAGCCAGCAGCAGCCAGATGGCCAGCATTTTCAAGTTAACCCTGGAAAGAGTATCACTCACGACCAAACCCAAAGGTTTGAGAAGGAAATGACGCTCAAACAGGCATGCCCTTTGGAATACCAAAGGGCGCAATGTGCGTTCAAAGATTCGATGATTCACGAAAATCTGCAATTCACAATACGTATCGCATTTCGCTGCGTTCTTCATCGATGCGAGAACCAAGAGATCCGT
30,5,f,30.5.f,Lachancea,kluyveri,0,96.43,NR_138159.1,GTTTAGGCGCTAATAACGCCCGACCGNAGGCNACGACGGAGTTGGTAANACCTATGTACGCTCTAGNATCAGGCAGACTGGACTAGGAGCCTCAGCCAGCAGCAGCCANATGNCCNGCATTTTCANGTTAACCCTGGAAAGAGTATCACTCACGACCAAACCNAAAGGNTTGAGAAGGAAATGACGCTCANACAGGCATGCCCTTTGGAATACCAAAGGGCGCANTGTGCGTTCANAGATTCGATGATTCACGAAAATCTGCANTTCACAATACGTATCGCNTTTCGCTGCGTTCTTCATCGATGCNAGANCCAAGAGATCCGTTGTTGAAAGTTTTGAATATTTTATTTTCTNAAAATGAAAATTTCTTGACTAAAATAAACNTAAAAAATTGTTTGTGTTTTGTATCCTCTGGGCTTGCGCCCAAGAGAAAAAG
30,5,g,30.5.g,Lachancea,kluyveri,0,98.31,NR_138159.1,GAGGTTCAACATTTATGAATACTGGTTCGCCAGGCTGATCTGTACATTTCGTGCCTAGGAGTCGTAATAACGCCCGACCGATGCCACAACGAGTTGGTAAAACCTAATACGTCGAGTATCAGCAGACTGGACTAGAGCCTCAGCCAGCAGCAGCCAGATGGCCAGCATTTTCAAGTTAACCCTGGAAAGAGTATCACTCACGACCAAACCCAAAGGTTTGAGAAGGAAATGACGCTCAAACAGGCATGCCCTTTGGAATACCAAAGGGCGCAATGTGCGTTCAAAGATTCGATGATTCACGAAAATCTGCAATTCACAATACGTATCGCATTTCGCTGCGTTCTTCATCGATGCGAGAACCAAGA
30,5,h,30.5.h,Lachancea,kluyveri,0,99.5,NR_138159.1,TTTATGAATACTGGTTCGCCAGGCTGTCTGTACTTTCGTGCTAGAGTCGTAATAACGCCCGACCGATGCCACAACGAGTTGGTAAAACCTAATACGTCGAGTATCAGCAGACTGGACTAGAGCCTCAGCCAGCAGCAGCCAGATGGCCAGCATTTTCAAGTTAACCCTGGAAAGAGTATCACTCACGACCAAACCCAAAGGTTTGAGAAGGAAATGACGCTCAAACAGGCATGCCCTTTGGAATACCAAAGGGCGCAATGTGCGTTCAAAGATTCGATGATTCACGAAAATCTGCAATTCACAATACGTATCGCATTTCGCTGCGTTCTTCATCGATGCGAGAACCAAGAGATCCGTTGTTGAAAGTTTTGAATATTTTATTTTCTTAAAATGAAAATTTCTTGACTAAAATAAACATAAAAAATTGTTTGTGTTTTGTATCCTCTGGGCTTGCGCCCAAAGAAAAAGTAGCAAAGTAGAAAAAACTCCACAGTGTGTGTGTAGAAAGAGACAACCGTTAACAGAAAGCACCGTCGGCCGCGCAATTAAGCGCAGGCTGGCTGGCACTCCCCCGGCTGCTCCAATCAAAAATCTTTAATGATCCTTCCGCAGGTTCACC
30,5,i,30.5.i,Lachancea,kluyveri,0,99.15,NR_138159.1,AGGTCAACATTTATGAATACTGGTTCGCCAGGCTGATCTGTACTTTCGTGCTAGAGTCGTAATAACGCCCGACCGATGCCACAACGAGTTGGTAAAACCTAATACGTCGAGTATCAGCAGACTGGACTAGAGCCTCAGCCAGCAGCAGCCAGATGGCCAGCATTTTCAAGTTAACCCTGGAAAGAGTATCACTCACGACCAAACCCAAAGGTTTGAGAAGGAAATGACGCTCAAACAGGCATGCCCTTTGGAATACCAAAGGGCGCAATGTGCGTTCAAAGATTCGATGATTCACGAAAATCTGCAATTCACAATACGTATCGCATTTCGCTGCGTTCTTCATCGATGCGAGAACCAAGAGATCCGTTGTTGAAAGTTTTGAATATTTTATTTTCTTAAAATGAAAATTTCTTGACTAAAATAAACATAAAAAATTGTTTGTGTTTTGTATCCTCTGGGCTTGCGCCCAAAGAAAAAGTAGCAAAGTAGAAAAAACTCCACAGTGTGTGTGTAGAAAGAGACAACCGTTAACAGAAAGCACCGTCGGCCGCGCAATTAAGCGCAGGCTGGCTGGCACTCCCCGGCTGCTCCAA
30,5,j,30.5.j,Lachancea,kluyveri,0,99.09,NR_138159.1,ATACGGGTTCGCCAGAGCCTGATCTGGTACTTTCGATGCCCCATTTTTGGAGCTAACGCCCGACCGAGGCCACAACGGAGTTTGGTAAAACCTTAATACGTCGAGTATCAGCAGACTGGACTAGAGCCTCAGCCAGCAGCAGCCAGATGGCCAGCATTTTCAAGTTAACCCTGGAAAGAGTATCACTCACGACCAAACCCAAAGGTTTGAGAAGGAAATGACGCTCAAACAGGCATGCCCTTTGGAATACCAAAGGGCGCAATGTGCGTTCAAAGATTCGATGATTCACGAAAATCTGCAATTCACAATACGTATCGCATTTCGCTGCGTTCTTCATCGATGCGAGAACCAAGAGATCCGTTGTTGAAAGTTTTGAATATTTTATTTTCTTAAAATGAAAATTTCTTGACTAAAATAAACATAAAAAATTGTTTGTGTTTTGTATCCTCTGGGCTTGCGCCCAAAGAAAAAGTAGCAAAGTAGAAAAAACTCCACAGTGTGTGTGTAGAAAGAGACAACCGTTAACAGAAAGCACCGTCGGCCGCGCAATTAAGCGCAGGCTGGCTGGCACTCCCCCGGCTGCTCCAATCAAAAATCTTTAATGATCCTTCCGCAGGTTCACCTACGGAAG
10,1,a,10.1.a,Candida,sake,9.00E-152,97.16,NR_151807.1,GGATTGAGGTCAACTTGTAGATTAGTATAACGAGGTTGGTAAAACCTAATAGTTACGCCTTTAACAGGTTTTTCAAGTAAACCGAGGTATCACTCAACGCCAAACCAGAGGTTTGAGGGAGAAATGACGCTCAAACAGGCATGCCCTGTGGAATACCACAGGGCGCAATGTGCGTTCAAAGATTCGATGATTCACGAAAATCTGCAATTCATATTACGTATCGCATTTCGCTGCGTTCTTCATCGATGCGAGAACCAAGAGATCCGTTGTTGAAAGTTTTGATATTTTTATTTGTTGACTGAGGAAATTATTAGTGTTCTGTG
10,1,b,10.1.b,Candida,sake,0,99.74,NR_151807.1,GAGGCAACTTGTAGATTAGTATAACGAGTTGGTAAAACCTAATAGTTATGCTTTTCATGTTTTTCAAGTAAACCGAGTATCACTCAACGCCAAACCAGAGGTTTGAGGGAGAAATGACGCTCAAACAGGCATGCCCTGTGGAATACCACAGGGCGCAATGTGCGTTCAAAGATTCGATGATTCACGAAAATCTGCAATTCATATTACGTATCGCATTTCGCTGCGTTCTTCATCGATGCGAGAACCAAGAGATCCGTTGTTGAAAGTTTTGATATTTTTATTTGTTGACTAAGTAAATTATTAGTGTTCTTGCAAGCAAGTTCTCTAAAAAAACATGTGTAATGCAATTAAGCAAACTTTAATGATCCTTCCGCAGGTTCACCTACGGAA
10,1,c,10.1.c,Candida,sake,0,99.43,NR_151807.1,ATTGAGGCAACTTGTAGATTAGTATAACGAGTTGGTAAAACCTAATAGTTACGCTTTTCATGTTTTTCAAGTAAACCGAGTATCACTCAACGCCAAACCAGAGGTTTGAGGGAGAAATGACGCTCAAACAGGCATGCCCTGTGGAATACCACAGGGCGCAATGTGCGTTCAAAGATTCGATGATTCACGAAAATCTGCAATTCATATTACGTATCGCATTTCGCTGCGTTCTTCATCGATGCGAGAACCAAGAGATCCGTTGTTGAAAGTTTTGATATTTTTATTTGTTGACTAAGTAAATTATTAGTGTTCTTGCAAGCAAGTTCTCTAAAAAAACATGTGTAATGC
10,1,d,10.1.d,Candida,sake,0,99.49,NR_151807.1,AGGCAACTTGTAGATTAGTATAACGAGTTGGTAAAACCTAATAGTTATGCCTTTTCATGTTTTTCAAGTAAACCGAGTATCACTCAACGCCAAACCAGAGGTTTGAGGGAGAAATGACGCTCAAACAGGCATGCCCTGTGGAATACCACAGGGCGCAATGTGCGTTCAAAGATTCGATGATTCACGAAAATCTGCAATTCATATTACGTATCGCATTTCGCTGCGTTCTTCATCGATGCGAGAACCAAGAGATCCGTTGTTGAAAGTTTTGATATTTTTATTTGTTGACTAAGTAAATTATTAGTGTTCTTGCAAGCAAGTTCTCTAAAAAAACATGTGTAATGCAATTAAGCAAACTTTAATGATCCTTCCGCAGGTTCACCTACGGAA
10,1,e,10.1.e,Candida,sake,8.00E-147,97.68,NR_151807.1,AGGCAACTTGTAGATTAGTATAACGAGTTGGTAAAACCTAATAGTTATGCTTTTTCATGTTTTTCAAGTAAACCGAGTATCACTCAACGCCAAACCAGAGGTTTGAGGGAGAAATGACGCTCAAACAGGCATGCCCTGTGGAATACCACAGGGCGCAATGTGCGTTCAAAGATTCGATGATTCACGAAAATCTGCAATTCATATTACGTATCGCATTTCGCTGCGTTCTTCATCGATGCGAGAACCAAGAGATCCGTTGTTGAAAGGTTTGATATTTTTATTTGTTGGGAAGGAAATTAT
10,1,f,10.1.f,Candida,sake,0,99.24,NR_151807.1,TGAGGTCAACTTGGTAGATTAGTATAACGAGTTGGTAAAACCTAATAGTTATGCCTTTTCATGTTTTTCAAGTAAACCGAGTATCACTCAACGCCAAACCAGAGGTTTGAGGGAGAAATGACGCTCAAACAGGCATGCCCTGTGGAATACCACAGGGCGCAATGTGCGTTCAAAGATTCGATGATTCACGAAAATCTGCAATTCATATTACGTATCGCATTTCGCTGCGTTCTTCATCGATGCGAGAACCAAGAGATCCGTTGTTGAAAGTTTTGATATTTTTATTTGTTGACTAAGTAAATTATTAGTGTTCTTGCAAGCAAGTTCTCTAAAAAAACATGTGTAATGCAATTAAGCAAACTTTAATGATCCTTCCGCAGGTTCACCCTACGGAA
10,1,g,10.1.g,Candida,sake,0,99.23,NR_151807.1,GGTCAACTTGGTAGATTAGTATAACGAGGTTGGTAAAACCTAATAGTTATGCCTTTTCATGTTTTTCAAGTAAACCGAGTATCACTCAACGCCAAACCAGAGGTTTGAGGGAGAAATGACGCTCAAACAGGCATGCCCTGTGGAATACCACAGGGCGCAATGTGCGTTCAAAGATTCGATGATTCACGAAAATCTGCAATTCATATTACGTATCGCATTTCGCTGCGTTCTTCATCGATGCGAGAACCAAGAGATCCGTTGTTGAAAGTTTTGATATTTTTATTTGTTGACTAAGTAAATTATTAGTGTTCTTGCAAGCAAGTTCTCTAAAAAAACATGTGTAATGCAATTAAGCAAACTTTAATGATCCTTCCGCAGGTTCACCTACGGAA
10,1,h,10.1.h,Candida,sake,0,99.49,NR_151807.1,AGGTCAACTTGTAGATTAGTATAACGAGGTTGGTAAAACCTAATAGTTATGCTTTTCATGTTTTTCAAGGTAAACCGAGTATCACTCAACGCCAAACCAGAGGTTTGAGGGAGAAATGACGCTCAAACAGGCATGCCCTGTGGAATACCACAGGGCGCAATGTGCGTTCAAAGATTCGATGATTCACGAAAATCTGCAATTCATATTACGTATCGCATTTCGCTGCGTTCTTCATCGATGCGAGAACCAAGAGATCCGTTGTTGAAAGTTTTGATATTTTTATTTGTTGACTAAGTAAATTATTAGTGTTCTTGCAAGCAAGTTCTCTAAAAAAACATGTGTAATGCAATTAAGCAAACTTTAATGATCCTTCCGCAGGTTCACCTACGGA
10,1,i,10.1.i,Candida,sake,0,99.73,NR_151807.1,ACTTGTAGATTAGTATAACGAGTTGGTAAAACCTAATAGTTATGCTTATTCATGTTTTTCAAGTAAACCGAGTATCACTCAACGCCAAACCAGAGGTTTGAGGGAGAAATGACGCTCAAACAGGCATGCCCTGTGGAATACCACAGGGCGCAATGTGCGTTCAAAGATTCGATGATTCACGAAAATCTGCAATTCATATTACGTATCGCATTTCGCTGCGTTCTTCATCGATGCGAGAACCAAGAGATCCGTTGTTGAAAGTTTTGATATTTTTATTTGTTGACTAAGTAAATTATTAGTGTTCTTGCAAGCAAGTTCTCTAAAAAAACATGTGTAATGCAATTAAGCAAACTTTAATGATCCTT
10,1,j,10.1.j,Candida,sake,0,99.24,NR_151807.1,TTGAGGTCAACTTGTAGATTAGTATAACGAGTTGGGTAAAACCTAATAGTTATGCTTTTCATGCTTTTTCAAGTAAACCGAGTATCACTCAACGCCAAACCAGAGGTTTGAGGGAGAAATGACGCTCAAACAGGCATGCCCTGTGGAATACCACAGGGCGCAATGTGCGTTCAAAGATTCGATGATTCACGAAAATCTGCAATTCATATTACGTATCGCATTTCGCTGCGTTCTTCATCGATGCGAGAACCAAGAGATCCGTTGTTGAAAGTTTTGATATTTTTATTTGTTGACTAAGTAAATTATTAGTGTTCTTGCAAGCAAGTTCTCTAAAAAAACATGTGTAATGCAATTAAGCAAACTTTAATGATCCTTCCGCAGGTTCACCCTACGGA
10,2,a,10.2.a,Candida,sake,3.00E-130,97.76,NR_151807.1,CACCGATTGAGGCAACTTGTAGATTAGTATAACGAGTTGGTAAAACCTAATAGTTATGCTTTTCATGTTTTTCAAGTAAACCGAGTATCACTCAACGCCAAACCAGAGGTTTGAGGGAGAAATGACGCTCAAACAGGCATGCCCTGTGGAATACCACAGGGCGCAATGTGCGGTCAAAGATTCGATGATTCACGAAAATCTGCAATTCATATTACGTATCGCATTTCGCTGCGGGCTTCATCGATGCGAGAACCAGGAGATCCGTTGGTGAAA
10,2,b,10.2.b,Candida,sake,0,99.23,NR_151807.1,GGTCAACTTGTAGATTAGTATAACGAGGTTGGTAAAACCTAATAGTTATGCCTTTTCATGGTTTTTCAAGTAAACCGAGTATCACTCAACGCCAAACCAGAGGTTTGAGGGAGAAATGACGCTCAAACAGGCATGCCCTGTGGAATACCACAGGGCGCAATGTGCGTTCAAAGATTCGATGATTCACGAAAATCTGCAATTCATATTACGTATCGCATTTCGCTGCGTTCTTCATCGATGCGAGAACCAAGAGATCCGTTGTTGAAAGTTTTGATATTTTTATTTGTTGACTAAGTAAATTATTAGTGTTCTTGCAAGCAAGTTCTCTAAAAAAACATGTGTAATGCAATTAAGCAAACTTTAATGATCCTTCCGCAGGTTCACCTACGGAA
10,2,c,10.2.c,Candida,sake,0,100,NR_151807.1,ACTTGTAGATTAGTATAACGAGTTGGTAAAACCTAATAGTTATGCTTTTCATGTTTTTCAAGTAAACCGAGTATCACTCAACGCCAAACCAGAGGTTTGAGGGAGAAATGACGCTCAAACAGGCATGCCCTGTGGAATACCACAGGGCGCAATGTGCGTTCAAAGATTCGATGATTCACGAAAATCTGCAATTCATATTACGTATCGCATTTCGCTGCGTTCTTCATCGATGCGAGAACCAAGAGATCCGTTGTTGAAAGTTTTGATATTTTTATTTGTTGACTAAGTAAATTATTAGTGTTCTTGCAAGCAAGTTCTCTAAAAAAACATGTGTAATGCAATTAAGCAAACTTTAATGATCCTTCCGCAGGTTCACCTAC
10,2,d,10.2.d,Candida,sake,0,99.48,NR_151807.1,TCAACTTGTAGATTAGTATAACGAGGTTGGTAAAACCTAATAGTTATGCCTTTTCATGTTTTTCAAGTAAACCGAGTATCACTCAACGCCAAACCAGAGGTTTGAGGGAGAAATGACGCTCAAACAGGCATGCCCTGTGGAATACCACAGGGCGCAATGTGCGTTCAAAGATTCGATGATTCACGAAAATCTGCAATTCATATTACGTATCGCATTTCGCTGCGTTCTTCATCGATGCGAGAACCAAGAGATCCGTTGTTGAAAGTTTTGATATTTTTATTTGTTGACTAAGTAAATTATTAGTGTTCTTGCAAGCAAGTTCTCTAAAAAAACATGTGTAATGCAATTAAGCAAACTTTAATGATCCTTCCGCAGGTTCACCTAC
10,2,e,10.2.e,Candida,sake,0,99.24,NR_151807.1,TTGAGGTCAACTTGGTAGATTAGTATAACGAGGTTGGTAAAACCTAATAGTTATGCTTTTCATGTTTTTCAAGTAAACCGAGGTATCACTCAACGCCAAACCAGAGGTTTGAGGGAGAAATGACGCTCAAACAGGCATGCCCTGTGGAATACCACAGGGCGCAATGTGCGTTCAAAGATTCGATGATTCACGAAAATCTGCAATTCATATTACGTATCGCATTTCGCTGCGTTCTTCATCGATGCGAGAACCAAGAGATCCGTTGTTGAAAGTTTTGATATTTTTATTTGTTGACTAAGTAAATTATTAGTGTTCTTGCAAGCAAGTTCTCTAAAAAAACATGTGTAATGCAATTAAGCAAACTTTAATGATCCTTCCGCAGGTTCACCTACGGAAG
10,2,f,10.2.f,Candida,sake,0,99.24,NR_151807.1,TTGAGGTCAACTTGTAGATTAGTATAACGAGTTGGTAAAACCTAATAGTTATGCCTTTTTCATGTTTTTCAAGTAAACCGAGTATCACTCAACGCCAAACCAGAGGTTTGAGGGAGAAATGACGCTCAAACAGGCATGCCCTGTGGAATACCACAGGGCGCAATGTGCGTTCAAAGATTCGATGATTCACGAAAATCTGCAATTCATATTACGTATCGCATTTCGCTGCGTTCTTCATCGATGCGAGAACCAAGAGATCCGTTGTTGAAAGTTTTGATATTTTTATTTGTTGACTAAGTAAATTATTAGTGTTCTTGCAAGCAAGTTCTCTAAAAAAACATGTGTAATGCAATTAAGCAAACTTTAATGATCCTTCCGCAGGTTCCCCTACGGAAG
10,2,g,10.2.g,Candida,sake,0,99.22,NR_151807.1,AACTTGGTAGATTAGTATAACGAGTTGGTAAAACCTAATAGTTATGCCTTTTCATGGTTTTTCAAGTAAACCGAGTATCACTCAACGCCAAACCAGAGGTTTGAGGGAGAAATGACGCTCAAACAGGCATGCCCTGTGGAATACCACAGGGCGCAATGTGCGTTCAAAGATTCGATGATTCACGAAAATCTGCAATTCATATTACGTATCGCATTTCGCTGCGTTCTTCATCGATGCGAGAACCAAGAGATCCGTTGTTGAAAGTTTTGATATTTTTATTTGTTGACTAAGTAAATTATTAGTGTTCTTGCAAGCAAGTTCTCTAAAAAAACATGTGTAATGCAATTAAGCAAACTTTAATGATCCTTCCGCAGGTTCACCTACGGA
10,2,h,10.2.h,Candida,sake,0,99.49,NR_151807.1,ATTGAGGTCAACTTGTAGATTAGTATAACGAGTTGGTAAAACCTAATAGTTATGCTTTTCATGTTTTTCAAGGTAAACCGAGGTATCACTCAACGCCAAACCAGAGGTTTGAGGGAGAAATGACGCTCAAACAGGCATGCCCTGTGGAATACCACAGGGCGCAATGTGCGTTCAAAGATTCGATGATTCACGAAAATCTGCAATTCATATTACGTATCGCATTTCGCTGCGTTCTTCATCGATGCGAGAACCAAGAGATCCGTTGTTGAAAGTTTTGATATTTTTATTTGTTGACTAAGTAAATTATTAGTGTTCTTGCAAGCAAGTTCTCTAAAAAAACATGTGTAATGCAATTAAGCAAACTTTAATGATCCTTCCGCAGGTTCACCTACGGAAG
10,2,i,10.2.i,Candida,sake,0,98.98,NR_151807.1,GAGGTCAACTTGTAGATTAGTATAACGAGGTTGGTAAAACCTAATAGTTAAGCTTTACATGGTTTTTCAAGTAAACCGAGTATCACTCAACGCCAAACCAGAGGTTTGAGGGAGAAATGACGCTCAAACAGGCATGCCCTGTGGAATACCACAGGGCGCAATGTGCGTTCAAAGATTCGATGATTCACGAAAATCTGCAATTCATATTACGTATCGCATTTCGCTGCGTTCTTCATCGATGCGAGAACCAAGAGATCCGTTGTTGAAAGTTTTGATATTTTTATTTGTTGACTAAGTAAATTATTAGTGTTCTTGCAAGCAAGTTCTCTAAAAAAACATGTGTAATGCAATTAAGCAAACTTTAATGATCCTTCCGCAGGTTCACCTACGGAA
10,2,j,10.2.j,Candida,sake,0,99.24,NR_151807.1,ATTGAGGTCAACTTGTAGATTAGTATAACGAGGTTGGTAAAACCTAATAGTTATGCCTTTTCATGGTTTTTCAAGTAAACCGAGTATCACTCAACGCCAAACCAGAGGTTTGAGGGAGAAATGACGCTCAAACAGGCATGCCCTGTGGAATACCACAGGGCGCAATGTGCGTTCAAAGATTCGATGATTCACGAAAATCTGCAATTCATATTACGTATCGCATTTCGCTGCGTTCTTCATCGATGCGAGAACCAAGAGATCCGTTGTTGAAAGTTTTGATATTTTTATTTGTTGACTAAGTAAATTATTAGTGTTCTTGCAAGCAAGTTCTCTAAAAAAACATGTGTAATGCAATTAAGCAAACTTTAATGATCCTTCCGCAGGTTCACCTACGGAAGGATC
10,3,a,10.3.a,Candida,sake,0,97.64,NR_151807.1,TTGAGGCAACTTGGAGATTAGTATAACGAGGTTGGTAAAACCTAATAGTTACGCTTTAATCATGGTTTTTCAAGGTAAACCGAGGTATCACTCAACGCCAAACCAGAGGTTTGAGGGAGAAATGACGCTCAAACAGGCATGCCCTGTGGAATACCACAGGGCGCAATGTGCGTTCAAAGATTCGATGATTCACGAAAATCTGCAATTCATATTACGTATCGCATTTCGCTGCGTTCTTCATCGATGCGAGAACCAAGAGATCCGTTGTTGAAAGTTTTGATATTTTTATTTGTTGACTAAGTAAATTATTAGTGTTCTTGCAAGCAAGTTCTCTAAAAAAACATGTGTAATGCAATTAAGCAAACTTTAATGATCCTTCCG
10,3,b,10.3.b,Candida,sake,0,99.24,NR_151807.1,GAGGTCAACTTGTAGATTAGTATAACGAGGTTGGTAAAACCTAATAGCTTATGCTTTTCATGGTTTTTCAAGTAAACCGAGTATCACTCAACGCCAAACCAGAGGTTTGAGGGAGAAATGACGCTCAAACAGGCATGCCCTGTGGAATACCACAGGGCGCAATGTGCGTTCAAAGATTCGATGATTCACGAAAATCTGCAATTCATATTACGTATCGCATTTCGCTGCGTTCTTCATCGATGCGAGAACCAAGAGATCCGTTGTTGAAAGTTTTGATATTTTTATTTGTTGACTAAGTAAATTATTAGTGTTCTTGCAAGCAAGTTCTCTAAAAAAACATGTGTAATGCAATTAAGCAAACTTTAATGATCCTTCCGCAGGTTCACCTACGGAAGGATCG
10,3,c,10.3.c,Candida,sake,0,98.48,NR_151807.1,AGGCAACTTGTAGATTAGTATAACGAGGTTGGTAAAACCTAATAGTTATGCTTTTTCATGGTTTTTCAAGGTAAACCGAGGTATCACTCAACGCCAAACCAGAGGTTTGAGGGAGAAATGACGCTCAAACAGGCATGCCCTGTGGAATACCACAGGGCGCAATGTGCGTTCAAAGATTCGATGATTCACGAAAATCTGCAATTCATATTACGTATCGCATTTCGCTGCGTTCTTCATCGATGCGAGAACCAAGAGATCCGTTGTTGAAAGTTTTGATATTTTTATTTGTTGACTAAGTAAATTATTAGTGTTCTTGCAAGCAAGTTCTCTAAAAAAACATGTGTAATGCAATTAAGCAAACTTTAATGATCCTTCCGCAGGTTCACCTACGGAAGGAT
10,3,d,10.3.d,Candida,sake,0,97.95,NR_151807.1,GGTCAACTTGTAGATTAGTATAACGAGGTTGGTAAAACCTAATAGTTACCGTTCATGGTGTTTTTCAAGTAAACCGAGTATCACTCAACGCCAAACCAGAGGTTTGAGGGAGAAATGACGCTCAAACAGGCATGCCCTGTGGAATACCACAGGGCGCAATGTGCGTTCAAAGATTCGATGATTCACGAAAATCTGCAATTCATATTACGTATCGCATTTCGCTGCGTTCTTCATCGATGCGAGAACCAAGAGATCCGTTGTTGAAAGTTTTGATATTTTTATTTGTTGACTAAGTAAATTATTAGTGTTCTTGCAAGCAAGTTCTCTAAAAAAACATGTGTAATGCAATTAAGCAAACTTTAATGATCCTTCCGCAGGTTCACCTACGGAAGG
10,3,e,10.3.e,Candida,sake,0,99.24,NR_151807.1,GAGGTCAACTTGTAGATTAGTATAACGAGTTGGTAAAACCTAATAGTTATGCTTATTCAGGGTTTTTCAAGTAAACCGAGTATCACTCAACGCCAAACCAGAGGTTTGAGGGAGAAATGACGCTCAAACAGGCATGCCCTGTGGAATACCACAGGGCGCAATGTGCGTTCAAAGATTCGATGATTCACGAAAATCTGCAATTCATATTACGTATCGCATTTCGCTGCGTTCTTCATCGATGCGAGAACCAAGAGATCCGTTGTTGAAAGTTTTGATATTTTTATTTGTTGACTAAGTAAATTATTAGTGTTCTTGCAAGCAAGTTCTCTAAAAAAACATGTGTAATGCAATTAAGCAAACTTTAATGATCCTTCCGCAGGTTCACCTACGGAAG
10,3,f,10.3.f,Candida,sake,0,99.21,NR_151807.1,TAGATTAGTATAACGAGTTGGTAAAACCTAATAGTTACCCCTTTTCATGTTTTTCAAGTAAACCGAGTATCACTCAACGCCAAACCAGAGGTTTGAGGGAGAAATGACGCTCAAACAGGCATGCCCTGTGGAATACCACAGGGCGCAATGTGCGTTCAAAGATTCGATGATTCACGAAAATCTGCAATTCATATTACGTATCGCATTTCGCTGCGTTCTTCATCGATGCGAGAACCAAGAGATCCGTTGTTGAAAGTTTTGATATTTTTATTTGTTGACTAAGTAAATTATTAGTGTTCTTGCAAGCAAGTTCTCTAAAAAAACATGTGTAATGCAATTAAGCAAACTTTAATGATCCTTCCGCAGGTTCACCTACGGAAGGAGAA
10,3,g,10.3.g,Candida,sake,0,98.97,NR_151807.1,GGTCAACTTGGTAGATTAGTATAACGAGGTTGGTAAAACCTAATAGTTATGCTTTTCATGGTTTTTCAAGTAAACCGAGTATCACTCAACGCCAAACCAGAGGTTTGAGGGAGAAATGACGCTCAAACAGGCATGCCCTGTGGAATACCACAGGGCGCAATGTGCGTTCAAAGATTCGATGATTCACGAAAATCTGCAATTCATATTACGTATCGCATTTCGCTGCGTTCTTCATCGATGCGAGAACCAAGAGATCCGTTGTTGAAAGTTTTGATATTTTTATTTGTTGACTAAGTAAATTATTAGTGTTCTTGCAAGCAAGTTCTCTAAAAAAACATGTGTAATGCAATTAAGCAAACTTTAATGATCCTTCCGCAGGTTCCCCTACGG
10,3,h,10.3.h,Candida,sake,0,99.48,NR_151807.1,AGGTCAACTTGGTAGATTAGTATAACGAGTTGGTAAAACCTAATAGTTATGCTTTTCATGTTTTTCAAGTAAACCGAGTATCACTCAACGCCAAACCAGAGGTTTGAGGGAGAAATGACGCTCAAACAGGCATGCCCTGTGGAATACCACAGGGCGCAATGTGCGTTCAAAGATTCGATGATTCACGAAAATCTGCAATTCATATTACGTATCGCATTTCGCTGCGTTCTTCATCGATGCGAGAACCAAGAGATCCGTTGTTGAAAGTTTTGATATTTTTATTTGTTGACTAAGTAAATTATTAGTGTTCTTGCAAGCAAGTTCTCTAAAAAAACATGTGTAATGCAATTAAGCAAACTTTAATGATCCTTCCGCAGGTTCCCCTA
10,3,i,10.3.i,Candida,sake,0,99.74,NR_151807.1,GAGGTCAACTTGTAGATTAGTATAACGAGTTGGTAAAACCTAATAGTTATGCTTTTCATGTTTTTCAAGTAAACCGAGTATCACTCAACGCCAAACCAGAGGTTTGAGGGAGAAATGACGCTCAAACAGGCATGCCCTGTGGAATACCACAGGGCGCAATGTGCGTTCAAAGATTCGATGATTCACGAAAATCTGCAATTCATATTACGTATCGCATTTCGCTGCGTTCTTCATCGATGCGAGAACCAAGAGATCCGTTGTTGAAAGTTTTGATATTTTTATTTGTTGACTAAGTAAATTATTAGTGTTCTTGCAAGCAAGTTCTCTAAAAAAACATGTGTAATGCAATTAAGCAAACTTTAATGATCCTTCCGCAGGTTCCCCT
10,3,j,10.3.j,Candida,sake,0,98.97,NR_151807.1,GATTGAGGTCAACTTGGTAGATTAGTATAACGAGGTTGGTAAAACCTAATAGTTATGCTTTTTCATGTTTTTCAAGTAAACCGAGTATCACTCAACGCCAAACCAGAGGTTTGAGGGAGAAATGACGCTCAAACAGGCATGCCCTGTGGAATACCACAGGGCGCAATGTGCGTTCAAAGATTCGATGATTCACGAAAATCTGCAATTCATATTACGTATCGCATTTCGCTGCGTTCTTCATCGATGCGAGAACCAAGAGATCCGTTGTTGAAAGTTTTGATATTTTTATTTGTTGACTAAGTAAATTATTAGTGTTCTTGCAAGCAAGTTCTCTAAAAAAACATGTGTAATGCAATTAAGCAAACTTTAATGATCCTTCCGCAGGTTCCCC
10,4,a,10.4.a,Candida,sake,0,99.47,NR_151807.1,GGCAACTCGTAGATTAGTATAACGAGTTGGTAAAACCTAATAGTTATGCTTTTTCATGTTTTTCAAGTAAACCGAGTATCACTCAACGCCAAACCAGAGGTTTGAGGGAGAAATGACGCTCAAACAGGCATGCCCTGTGGAATACCACAGGGCGCAATGTGCGTTCAAAGATTCGATGATTCACGAAAATCTGCAATTCATATTACGTATCGCATTTCGCTGCGTTCTTCATCGATGCGAGAACCAAGAGATCCGTTGTTGAAAGTTTTGATATTTTTATTTGTTGACTAAGTAAATTATTAGTGTTCTTGCAAGCAAGTTCTCTAAAAAAACATGTGTAATGCAATTAAGCAAACTTTAATGATCCTTCCGCAGGTC
10,4,b,10.4.b,Candida,sake,0,99.21,NR_151807.1,GAGGCAACTCGTAGATTAGTATAACGAGTTGGTAAAACCTAATAGTTATGCTTCTTCATGTTTTTCAAGTAAACCGAGTATCACTCAACGCCAAACCAGAGGTTTGAGGGAGAAATGACGCTCAAACAGGCATGCCCTGTGGAATACCACAGGGCGCAATGTGCGTTCAAAGATTCGATGATTCACGAAAATCTGCAATTCATATTACGTATCGCATTTCGCTGCGTTCTTCATCGATGCGAGAACCAAGAGATCCGTTGTTGAAAGTTTTGATATTTTTATTTGTTGACTAAGTAAATTATTAGTGTTCTTGCAAGCAAGTTCTCTAAAAAAACATGTGTAATGCAATTAAGCAAACTTTAATGATCCTTCCGCAGG
10,4,c,10.4.c,Candida,sake,0,98.41,NR_151807.1,CCAACTCGTAGATTAGTATAACGAGTCGGTAAAACCTAATAGTTATGCTTTTTCATGTTTTTTCAAGTAAACCGAGTATCACTCAACGCCAAACCAGAGGTTTTGAGGGAGAAATCGACGCTCAAACAGGCATGCCCTGTGGAATACCACAGGGCGCAATGTGCGTTCAAAGATTCGATGATTCACGAAAATCTGCAATTCATATTACGTATCGCATTTCGCTGCGTTCTTCATCGATGCGAGAACCAAGAGATCCGTTGTTGAAAGTTTTGATATTTTTATTTGTTGACTAAGTAAATTATTAGTGTTCTTGCAAGCAAGTTCTCTAAAAAAACATGTGTAATGCAATTAAGCAAACTTTAATGATCCTTCCGCAGGTC
10,4,d,10.4.d,Candida,sake,0,99.47,NR_151807.1,CAACTCGTAGATCAGTATAACGAGTTGGTAAAACCTAATAGTTATGCTTTTCATGTTTTTCAAGTAAACCGAGTATCACTCAACGCCAAACCAGAGGTTTGAGGGAGAAATGACGCTCAAACAGGCATGCCCTGTGGAATACCACAGGGCGCAATGTGCGTTCAAAGATTCGATGATTCACGAAAATCTGCAATTCATATTACGTATCGCATTTCGCTGCGTTCTTCATCGATGCGAGAACCAAGAGATCCGTTGTTGAAAGTTTTGATATTTTTATTTGTTGACTAAGTAAATTATTAGTGTTCTTGCAAGCAAGTTCTCTAAAAAAACATGTGTAATGCAATTAAGCAAACTTTAATGATCCTTCCGCAGGTCC
10,4,e,10.4.e,Candida,sake,0,99.49,NR_151807.1,AGGTCAACTTGTAGATTAGTATAACGAGGTTGGTAAAACCTAATAGTTATGCTTTTCATGTTTTTCAAGTAAACCGAGTATCACTCAACGCCAAACCAGAGGTTTGAGGGAGAAATGACGCTCAAACAGGCATGCCCTGTGGAATACCACAGGGCGCAATGTGCGTTCAAAGATTCGATGATTCACGAAAATCTGCAATTCATATTACGTATCGCATTTCGCTGCGTTCTTCATCGATGCGAGAACCAAGAGATCCGTTGTTGAAAGTTTTGATATTTTTATTTGTTGACTAAGTAAATTATTAGTGTTCTTGCAAGCAAGTTCTCTAAAAAAACATGTGTAATGCAATTAAGCAAACTTTAATGATCCTTCCGCAGGTTCCCCTACGGAAGGA
10,4,f,10.4.f,Candida,sake,0,99.74,NR_151807.1,AGGTCAACTTGTAGATTAGTATAACGAGTTGGTAAAACCTAATAGTTATGCTTTTCATGTTTTTCAAGTAAACCGAGTATCACTCAACGCCAAACCAGAGGTTTGAGGGAGAAATGACGCTCAAACAGGCATGCCCTGTGGAATACCACAGGGCGCAATGTGCGTTCAAAGATTCGATGATTCACGAAAATCTGCAATTCATATTACGTATCGCATTTCGCTGCGTTCTTCATCGATGCGAGAACCAAGAGATCCGTTGTTGAAAGTTTTGATATTTTTATTTGTTGACTAAGTAAATTATTAGTGTTCTTGCAAGCAAGTTCTCTAAAAAAACATGTGTAATGCAATTAAGCAAACTTTAATGATCCTTCCGCAGGTTCCCCTACGGAAGGA
10,4,g,10.4.g,Candida,sake,0,99.49,NR_151807.1,GAGGTCAACTTGGTAGATTAGTATAACGAGGTTGGTAAAACCTAATAGTTATGCTTTTCATGTTTTTCAAGTAAACCGAGTATCACTCAACGCCAAACCAGAGGTTTGAGGGAGAAATGACGCTCAAACAGGCATGCCCTGTGGAATACCACAGGGCGCAATGTGCGTTCAAAGATTCGATGATTCACGAAAATCTGCAATTCATATTACGTATCGCATTTCGCTGCGTTCTTCATCGATGCGAGAACCAAGAGATCCGTTGTTGAAAGTTTTGATATTTTTATTTGTTGACTAAGTAAATTATTAGTGTTCTTGCAAGCAAGTTCTCTAAAAAAACATGTGTAATGCAATTAAGCAAACTTTAATGATCCTTCCGCAGGTTCACCTACG
10,4,h,10.4.h,Candida,sake,0,99.74,NR_151807.1,TTGTAGATTAGTATAACGAGTTGGTAAAACCTAATAGTTATGCCTTTTCATGTTTTTCAAGTAAACCGAGTATCACTCAACGCCAAACCAGAGGTTTGAGGGAGAAATGACGCTCAAACAGGCATGCCCTGTGGAATACCACAGGGCGCAATGTGCGTTCAAAGATTCGATGATTCACGAAAATCTGCAATTCATATTACGTATCGCATTTCGCTGCGTTCTTCATCGATGCGAGAACCAAGAGATCCGTTGTTGAAAGTTTTGATATTTTTATTTGTTGACTAAGTAAATTATTAGTGTTCTTGCAAGCAAGTTCTCTAAAAAAACATGTGTAATGCAATTAAGCAAACTTTAATGATCCTTCCGCAGGTTCACCTACGGAAGGAC
10,4,i,10.4.i,Candida,sake,0,99.47,NR_151807.1,GGTAGATTAGTATAACGAGGTTGGTAAAACCTAATAGTTATGCTTTTCATGTTTTTCAAGTAAACCGAGTATCACTCAACGCCAAACCAGAGGTTTGAGGGAGAAATGACGCTCAAACAGGCATGCCCTGTGGAATACCACAGGGCGCAATGTGCGTTCAAAGATTCGATGATTCACGAAAATCTGCAATTCATATTACGTATCGCATTTCGCTGCGTTCTTCATCGATGCGAGAACCAAGAGATCCGTTGTTGAAAGTTTTGATATTTTTATTTGTTGACTAAGTAAATTATTAGTGTTCTTGCAAGCAAGTTCTCTAAAAAAACATGTGTAATGCAATTAAGCAAACTTTAATGATCCTTCCGCAGGTTCCCC
10,4,j,10.4.j,Candida,sake,0,99.48,NR_151807.1,GGTCAACTTGTAGATTAGTATAACGAGGTTGGTAAAACCTAATAGTTATGCTTTTCATGTTTTTCAAGTAAACCGAGTATCACTCAACGCCAAACCAGAGGTTTGAGGGAGAAATGACGCTCAAACAGGCATGCCCTGTGGAATACCACAGGGCGCAATGTGCGTTCAAAGATTCGATGATTCACGAAAATCTGCAATTCATATTACGTATCGCATTTCGCTGCGTTCTTCATCGATGCGAGAACCAAGAGATCCGTTGTTGAAAGTTTTGATATTTTTATTTGTTGACTAAGTAAATTATTAGTGTTCTTGCAAGCAAGTTCTCTAAAAAAACATGTGTAATGCAATTAAGCAAACTTTAATGATCCTTCCGCAGGTTCCCCTAACG
10,5,a,10.5.a,Candida,sake,0,99.48,NR_151807.1,AACTTGGTAGATTAGTATAACGAGTTGGTAAAACCTAATAGTTATGCTTTTCATGTTTTTCAAGTAAACCGAGTATCACTCAACGCCAAACCAGAGGTTTGAGGGAGAAATGACGCTCAAACAGGCATGCCCTGTGGAATACCACAGGGCGCAATGTGCGTTCAAAGATTCGATGATTCACGAAAATCTGCAATTCATATTACGTATCGCATTTCGCTGCGTTCTTCATCGATGCGAGAACCAAGAGATCCGTTGTTGAAAGTTTTGATATTTTTATTTGTTGACTAAGTAAATTATTAGTGTTCTTGCAAGCAAGTTCTCTAAAAAAACATGTGTAATGCAATTAAGCAAACTTTAATGATCCTTCCGCAGGTTCACCCTAC
10,5,b,10.5.b,Candida,sake,0,99.49,NR_151807.1,GAGGTCAACTTGGTAGATTAGTATAACGAGTTGGTAAAACCTAATAGTTATGCTTTTCATGTTTTTCAAGTAAACCGAGTATCACTCAACGCCAAACCAGAGGTTTGAGGGAGAAATGACGCTCAAACAGGCATGCCCTGTGGAATACCACAGGGCGCAATGTGCGTTCAAAGATTCGATGATTCACGAAAATCTGCAATTCATATTACGTATCGCATTTCGCTGCGTTCTTCATCGATGCGAGAACCAAGAGATCCGTTGTTGAAAGTTTTGATATTTTTATTTGTTGACTAAGTAAATTATTAGTGTTCTTGCAAGCAAGTTCTCTAAAAAAACATGTGTAATGCAATTAAGCAAACTTTAATGATCCTTCCGCAGGTTCACCCTACCG
10,5,c,10.5.c,Candida,sake,0,99.74,NR_151807.1,GGTCAACTTGTAGATTAGTATAACGAGTTGGTAAAACCTAATAGTTATGCCTTTTCATGTTTTTCAAGTAAACCGAGTATCACTCAACGCCAAACCAGAGGTTTGAGGGAGAAATGACGCTCAAACAGGCATGCCCTGTGGAATACCACAGGGCGCAATGTGCGTTCAAAGATTCGATGATTCACGAAAATCTGCAATTCATATTACGTATCGCATTTCGCTGCGTTCTTCATCGATGCGAGAACCAAGAGATCCGTTGTTGAAAGTTTTGATATTTTTATTTGTTGACTAAGTAAATTATTAGTGTTCTTGCAAGCAAGTTCTCTAAAAAAACATGTGTAATGCAATTAAGCAAACTTTAATGATCCTTCCGCAGGTTCACCTACGGAAGG
10,5,d,10.5.d,Candida,sake,0,100,NR_151807.1,GAGGTCAACTTGTAGATTAGTATAACGAGTTGGTAAAACCTAATAGTTATGCTTTTCATGTTTTTCAAGTAAACCGAGTATCACTCAACGCCAAACCAGAGGTTTGAGGGAGAAATGACGCTCAAACAGGCATGCCCTGTGGAATACCACAGGGCGCAATGTGCGTTCAAAGATTCGATGATTCACGAAAATCTGCAATTCATATTACGTATCGCATTTCGCTGCGTTCTTCATCGATGCGAGAACCAAGAGATCCGTTGTTGAAAGTTTTGATATTTTTATTTGTTGACTAAGTAAATTATTAGTGTTCTTGCAAGCAAGTTCTCTAAAAAAACATGTGTAATGCAATTAAGCAAACTTTAATGATCCTTCCGCAGGTTCACCTACGGAAG
10,5,e,10.5.e,Candida,sake,0,99.24,NR_151807.1,TTGAGGTCAACTTGGTAGATTAGGTATAACGAGGTTGGTAAAACCTAATAGTTATGCTTTTCATGTTTTTCAAGTAAACCGAGTATCACTCAACGCCAAACCAGAGGTTTGAGGGAGAAATGACGCTCAAACAGGCATGCCCTGTGGAATACCACAGGGCGCAATGTGCGTTCAAAGATTCGATGATTCACGAAAATCTGCAATTCATATTACGTATCGCATTTCGCTGCGTTCTTCATCGATGCGAGAACCAAGAGATCCGTTGTTGAAAGTTTTGATATTTTTATTTGTTGACTAAGTAAATTATTAGTGTTCTTGCAAGCAAGTTCTCTAAAAAAACATGTGTAATGCAATTAAGCAAACTTTAATGATCCTTCCGCAGGTTCACCTACG
10,5,f,10.5.f,Candida,sake,0,99.74,NR_151807.1,TGAGGTCAACTTGGTAGATTAGTATAACGAGTTGGTAAAACCTAATAGTTATGCTTTTCATGTTTTTCAAGTAAACCGAGTATCACTCAACGCCAAACCAGAGGTTTGAGGGAGAAATGACGCTCAAACAGGCATGCCCTGTGGAATACCACAGGGCGCAATGTGCGTTCAAAGATTCGATGATTCACGAAAATCTGCAATTCATATTACGTATCGCATTTCGCTGCGTTCTTCATCGATGCGAGAACCAAGAGATCCGTTGTTGAAAGTTTTGATATTTTTATTTGTTGACTAAGTAAATTATTAGTGTTCTTGCAAGCAAGTTCTCTAAAAAAACATGTGTAATGCAATTAAGCAAACTTTAATGATCCTTCCGCAGGTTCACCCTA
10,5,g,10.5.g,Candida,sake,0,99.23,NR_151807.1,TGAGGTCAACTTGGTAGATTAGTATAACGAGTTGGTAAAACCTAATAGTTATGCCTTTTCATGTTTTTCAAGTAAACCGAGTATCACTCAACGCCAAACCAGAGGTTTGAGGGAGAAATGACGCTCAAACAGGCATGCCCTGTGGAATACCACAGGGCGCAATGTGCGTTCAAAGATTCGATGATTCACGAAAATCTGCAATTCATATTACGTATCGCATTTCGCTGCGTTCTTCATCGATGCGAGAACCAAGAGATCCGTTGTTGAAAGTTTTGATATTTTTATTTGTTGACTAAGTAAATTATTAGTGTTCTTGCAAGCAAGTTCTCTAAAAAAACATGTGTAATGCAATTAAGCAAACTTTAATGATCCTTCCGCAGGTTCCCCTACCGG
10,5,h,10.5.h,Candida,sake,0,99.23,NR_151807.1,TCAACTTGGTAGATTAGTATAACGAGGTTGGTAAAACCTAATAGTTATGCTTTTCATGTTTTTCAAGTAAACCGAGTATCACTCAACGCCAAACCAGAGGTTTGAGGGAGAAATGACGCTCAAACAGGCATGCCCTGTGGAATACCACAGGGCGCAATGTGCGTTCAAAGATTCGATGATTCACGAAAATCTGCAATTCATATTACGTATCGCATTTCGCTGCGTTCTTCATCGATGCGAGAACCAAGAGATCCGTTGTTGAAAGTTTTGATATTTTTATTTGTTGACTAAGTAAATTATTAGTGTTCTTGCAAGCAAGTTCTCTAAAAAAACATGTGTAATGCAATTAAGCAAACTTTAATGATCCTTCCGCAGGTTCCCCTACGGA
10,5,i,10.5.i,Candida,sake,0,99.48,NR_151807.1,GAGGTCAACTTGGTAGATTAGTATAACGAGTTGGTAAAACCTAATAGTTATGCTTTTCATGTTTTTCAAGTAAACCGAGTATCACTCAACGCCAAACCAGAGGTTTGAGGGAGAAATGACGCTCAAACAGGCATGCCCTGTGGAATACCACAGGGCGCAATGTGCGTTCAAAGATTCGATGATTCACGAAAATCTGCAATTCATATTACGTATCGCATTTCGCTGCGTTCTTCATCGATGCGAGAACCAAGAGATCCGTTGTTGAAAGTTTTGATATTTTTATTTGTTGACTAAGTAAATTATTAGTGTTCTTGCAAGCAAGTTCTCTAAAAAAACATGTGTAATGCAATTAAGCAAACTTTAATGATCCTTCCGCAGGTTCCCCTAC
10,5,j,10.5.j,Candida,sake,0,99.73,NR_151807.1,GTCAACTTGGTAGATTAGTATAACGAGTTGGTAAAACCTAATAGTTATGCTTTTCATGTTTTTCAAGTAAACCGAGTATCACTCAACGCCAAACCAGAGGTTTGAGGGAGAAATGACGCTCAAACAGGCATGCCCTGTGGAATACCACAGGGCGCAATGTGCGTTCAAAGATTCGATGATTCACGAAAATCTGCAATTCATATTACGTATCGCATTTCGCTGCGTTCTTCATCGATGCGAGAACCAAGAGATCCGTTGTTGAAAGTTTTGATATTTTTATTTGTTGACTAAGTAAATTATTAGTGTTCTTGCAAGCAAGTTCTCTAAAAAAACATGTGTAATGCAATTAAGCAAACTTTAATGATCCTTCCGCAG